0,"7-18-2010 00:00:00",0.09
0,"7-19-2010 00:00:00",0.08
0,"7-20-2010 00:00:00",0.07
0,"7-21-2010 00:00:00",0.08
0,"7-22-2010 00:00:00",0.05
0,"7-23-2010 00:00:00",0.06
0,"7-24-2010 00:00:00",0.05
0,"7-25-2010 00:00:00",0.05
0,"7-26-2010 00:00:00",0.06
0,"7-27-2010 00:00:00",0.06
0,"7-28-2010 00:00:00",0.06
0,"7-29-2010 00:00:00",0.07
0,"7-30-2010 00:00:00",0.06
0,"7-31-2010 00:00:00",0.07
0,"8-1-2010 00:00:00",0.06
0,"8-2-2010 00:00:00",0.06
0,"8-3-2010 00:00:00",0.06
0,"8-4-2010 00:00:00",0.06
0,"8-5-2010 00:00:00",0.06
0,"8-6-2010 00:00:00",0.06
0,"8-7-2010 00:00:00",0.06
0,"8-8-2010 00:00:00",0.06
0,"8-9-2010 00:00:00",0.07
0,"8-10-2010 00:00:00",0.07
0,"8-11-2010 00:00:00",0.07
0,"8-12-2010 00:00:00",0.07
0,"8-13-2010 00:00:00",0.06
0,"8-14-2010 00:00:00",0.07
0,"8-15-2010 00:00:00",0.07
0,"8-16-2010 00:00:00",0.07
0,"8-17-2010 00:00:00",0.07
0,"8-18-2010 00:00:00",0.07
0,"8-19-2010 00:00:00",0.07
0,"8-20-2010 00:00:00",0.07
0,"8-21-2010 00:00:00",0.07
0,"8-22-2010 00:00:00",0.07
0,"8-23-2010 00:00:00",0.06
0,"8-24-2010 00:00:00",0.06
0,"8-25-2010 00:00:00",0.06
0,"8-26-2010 00:00:00",0.06
0,"8-27-2010 00:00:00",0.06
0,"8-28-2010 00:00:00",0.06
0,"8-29-2010 00:00:00",0.06
0,"8-30-2010 00:00:00",0.06
0,"8-31-2010 00:00:00",0.06
0,"9-1-2010 00:00:00",0.06
0,"9-2-2010 00:00:00",0.06
0,"9-3-2010 00:00:00",0.06
0,"9-4-2010 00:00:00",0.06
0,"9-5-2010 00:00:00",0.06
0,"9-6-2010 00:00:00",0.06
0,"9-7-2010 00:00:00",0.06
0,"9-8-2010 00:00:00",0.06
0,"9-9-2010 00:00:00",0.06
0,"9-10-2010 00:00:00",0.06
0,"9-11-2010 00:00:00",0.06
0,"9-12-2010 00:00:00",0.06
0,"9-13-2010 00:00:00",0.06
0,"9-14-2010 00:00:00",0.06
0,"9-15-2010 00:00:00",0.06
0,"9-16-2010 00:00:00",0.06
0,"9-17-2010 00:00:00",0.06
0,"9-18-2010 00:00:00",0.06
0,"9-19-2010 00:00:00",0.06
0,"9-20-2010 00:00:00",0.06
0,"9-21-2010 00:00:00",0.06
0,"9-22-2010 00:00:00",0.06
0,"9-23-2010 00:00:00",0.06
0,"9-24-2010 00:00:00",0.06
0,"9-25-2010 00:00:00",0.06
0,"9-26-2010 00:00:00",0.06
0,"9-27-2010 00:00:00",0.06
0,"9-28-2010 00:00:00",0.06
0,"9-29-2010 00:00:00",0.06
0,"9-30-2010 00:00:00",0.06
0,"10-1-2010 00:00:00",0.06
0,"10-2-2010 00:00:00",0.06
0,"10-3-2010 00:00:00",0.06
0,"10-4-2010 00:00:00",0.06
0,"10-5-2010 00:00:00",0.06
0,"10-6-2010 00:00:00",0.06
0,"10-7-2010 00:00:00",0.07
0,"10-8-2010 00:00:00",0.09
0,"10-9-2010 00:00:00",0.09
0,"10-10-2010 00:00:00",0.1
0,"10-11-2010 00:00:00",0.09
0,"10-12-2010 00:00:00",0.09
0,"10-13-2010 00:00:00",0.1
0,"10-14-2010 00:00:00",0.1
0,"10-15-2010 00:00:00",0.1
0,"10-16-2010 00:00:00",0.1
0,"10-17-2010 00:00:00",0.1
0,"10-18-2010 00:00:00",0.1
0,"10-19-2010 00:00:00",0.1
0,"10-20-2010 00:00:00",0.1
0,"10-21-2010 00:00:00",0.11
0,"10-22-2010 00:00:00",0.1
0,"10-23-2010 00:00:00",0.11
0,"10-24-2010 00:00:00",0.11
0,"10-25-2010 00:00:00",0.13
0,"10-26-2010 00:00:00",0.15
0,"10-27-2010 00:00:00",0.19
0,"10-28-2010 00:00:00",0.17
0,"10-29-2010 00:00:00",0.19
0,"10-30-2010 00:00:00",0.2
0,"10-31-2010 00:00:00",0.19
0,"11-1-2010 00:00:00",0.2
0,"11-2-2010 00:00:00",0.19
0,"11-3-2010 00:00:00",0.19
0,"11-4-2010 00:00:00",0.23
0,"11-5-2010 00:00:00",0.26
0,"11-6-2010 00:00:00",0.39
0,"11-7-2010 00:00:00",0.34
0,"11-8-2010 00:00:00",0.24
0,"11-9-2010 00:00:00",0.21
0,"11-10-2010 00:00:00",0.24
0,"11-11-2010 00:00:00",0.22
0,"11-12-2010 00:00:00",0.27
0,"11-13-2010 00:00:00",0.28
0,"11-14-2010 00:00:00",0.28
0,"11-15-2010 00:00:00",0.27
0,"11-16-2010 00:00:00",0.22
0,"11-17-2010 00:00:00",0.23
0,"11-18-2010 00:00:00",0.27
0,"11-19-2010 00:00:00",0.28
0,"11-20-2010 00:00:00",0.28
0,"11-21-2010 00:00:00",0.28
0,"11-22-2010 00:00:00",0.29
0,"11-23-2010 00:00:00",0.28
0,"11-24-2010 00:00:00",0.28
0,"11-25-2010 00:00:00",0.28
0,"11-26-2010 00:00:00",0.28
0,"11-27-2010 00:00:00",0.28
0,"11-28-2010 00:00:00",0.27
0,"11-29-2010 00:00:00",0.23
0,"11-30-2010 00:00:00",0.21
0,"12-1-2010 00:00:00",0.23
0,"12-2-2010 00:00:00",0.25
0,"12-3-2010 00:00:00",0.25
0,"12-4-2010 00:00:00",0.2
0,"12-5-2010 00:00:00",0.19
0,"12-6-2010 00:00:00",0.2
0,"12-7-2010 00:00:00",0.23
0,"12-8-2010 00:00:00",0.24
0,"12-9-2010 00:00:00",0.2
0,"12-10-2010 00:00:00",0.2
0,"12-11-2010 00:00:00",0.23
0,"12-12-2010 00:00:00",0.22
0,"12-13-2010 00:00:00",0.23
0,"12-14-2010 00:00:00",0.25
0,"12-15-2010 00:00:00",0.24
0,"12-16-2010 00:00:00",0.25
0,"12-17-2010 00:00:00",0.24
0,"12-18-2010 00:00:00",0.24
0,"12-19-2010 00:00:00",0.24
0,"12-20-2010 00:00:00",0.27
0,"12-21-2010 00:00:00",0.24
0,"12-22-2010 00:00:00",0.25
0,"12-23-2010 00:00:00",0.25
0,"12-24-2010 00:00:00",0.25
0,"12-25-2010 00:00:00",0.25
0,"12-26-2010 00:00:00",0.26
0,"12-27-2010 00:00:00",0.26
0,"12-28-2010 00:00:00",0.28
0,"12-29-2010 00:00:00",0.3
0,"12-30-2010 00:00:00",0.3
0,"12-31-2010 00:00:00",0.3
0,"1-1-2011 00:00:00",0.3
0,"1-2-2011 00:00:00",0.3
0,"1-3-2011 00:00:00",0.29
0,"1-4-2011 00:00:00",0.3
0,"1-5-2011 00:00:00",0.3
0,"1-6-2011 00:00:00",0.3
0,"1-7-2011 00:00:00",0.32
0,"1-8-2011 00:00:00",0.32
0,"1-9-2011 00:00:00",0.32
0,"1-10-2011 00:00:00",0.33
0,"1-11-2011 00:00:00",0.33
0,"1-12-2011 00:00:00",0.32
0,"1-13-2011 00:00:00",0.32
0,"1-14-2011 00:00:00",0.4
0,"1-15-2011 00:00:00",0.39
0,"1-16-2011 00:00:00",0.39
0,"1-17-2011 00:00:00",0.35
0,"1-18-2011 00:00:00",0.31
0,"1-19-2011 00:00:00",0.31
0,"1-20-2011 00:00:00",0.39
0,"1-21-2011 00:00:00",0.42
0,"1-22-2011 00:00:00",0.44
0,"1-23-2011 00:00:00",0.44
0,"1-24-2011 00:00:00",0.42
0,"1-25-2011 00:00:00",0.41
0,"1-26-2011 00:00:00",0.42
0,"1-27-2011 00:00:00",0.42
0,"1-28-2011 00:00:00",0.45
0,"1-29-2011 00:00:00",0.44
0,"1-30-2011 00:00:00",0.48
0,"1-31-2011 00:00:00",0.52
0,"2-1-2011 00:00:00",0.7
0,"2-2-2011 00:00:00",0.72
0,"2-3-2011 00:00:00",0.69
0,"2-4-2011 00:00:00",0.81
0,"2-5-2011 00:00:00",0.92
0,"2-6-2011 00:00:00",0.9
0,"2-7-2011 00:00:00",0.89
0,"2-8-2011 00:00:00",0.92
0,"2-9-2011 00:00:00",1.09
0,"2-10-2011 00:00:00",0.98
0,"2-11-2011 00:00:00",1.07
0,"2-12-2011 00:00:00",1.08
0,"2-13-2011 00:00:00",1.05
0,"2-14-2011 00:00:00",1.07
0,"2-15-2011 00:00:00",1.05
0,"2-16-2011 00:00:00",1.04
0,"2-17-2011 00:00:00",1.04
0,"2-18-2011 00:00:00",0.9
0,"2-19-2011 00:00:00",0.95
0,"2-20-2011 00:00:00",0.85
0,"2-21-2011 00:00:00",0.83
0,"2-22-2011 00:00:00",0.87
0,"2-23-2011 00:00:00",0.9
0,"2-24-2011 00:00:00",1
0,"2-25-2011 00:00:00",0.91
0,"2-26-2011 00:00:00",0.96
0,"2-27-2011 00:00:00",0.89
0,"2-28-2011 00:00:00",0.86
0,"3-1-2011 00:00:00",0.92
0,"3-2-2011 00:00:00",0.94
0,"3-3-2011 00:00:00",0.94
0,"3-4-2011 00:00:00",0.9
0,"3-5-2011 00:00:00",0.91
0,"3-6-2011 00:00:00",0.9
0,"3-7-2011 00:00:00",0.88
0,"3-8-2011 00:00:00",0.87
0,"3-9-2011 00:00:00",0.86
0,"3-10-2011 00:00:00",0.93
0,"3-11-2011 00:00:00",0.88
0,"3-12-2011 00:00:00",0.92
0,"3-13-2011 00:00:00",0.89
0,"3-14-2011 00:00:00",0.89
0,"3-15-2011 00:00:00",0.87
0,"3-16-2011 00:00:00",0.86
0,"3-17-2011 00:00:00",0.83
0,"3-18-2011 00:00:00",0.82
0,"3-19-2011 00:00:00",0.76
0,"3-20-2011 00:00:00",0.74
0,"3-21-2011 00:00:00",0.76
0,"3-22-2011 00:00:00",0.81
0,"3-23-2011 00:00:00",0.85
0,"3-24-2011 00:00:00",0.87
0,"3-25-2011 00:00:00",0.88
0,"3-26-2011 00:00:00",0.86
0,"3-27-2011 00:00:00",0.82
0,"3-28-2011 00:00:00",0.8
0,"3-29-2011 00:00:00",0.79
0,"3-30-2011 00:00:00",0.79
0,"3-31-2011 00:00:00",0.78
0,"4-1-2011 00:00:00",0.77
0,"4-2-2011 00:00:00",0.78
0,"4-3-2011 00:00:00",0.78
0,"4-4-2011 00:00:00",0.68
0,"4-5-2011 00:00:00",0.71
0,"4-6-2011 00:00:00",0.74
0,"4-7-2011 00:00:00",0.75
0,"4-8-2011 00:00:00",0.75
0,"4-9-2011 00:00:00",0.73
0,"4-10-2011 00:00:00",0.74
0,"4-11-2011 00:00:00",0.77
0,"4-12-2011 00:00:00",0.86
0,"4-13-2011 00:00:00",0.92
0,"4-14-2011 00:00:00",1
0,"4-15-2011 00:00:00",0.99
0,"4-16-2011 00:00:00",1.05
0,"4-17-2011 00:00:00",1.11
0,"4-18-2011 00:00:00",1.16
0,"4-19-2011 00:00:00",1.2
0,"4-20-2011 00:00:00",1.14
0,"4-21-2011 00:00:00",1.21
0,"4-22-2011 00:00:00",1.41
0,"4-23-2011 00:00:00",1.7
0,"4-24-2011 00:00:00",1.63
0,"4-25-2011 00:00:00",1.56
0,"4-26-2011 00:00:00",1.79
0,"4-27-2011 00:00:00",1.9
0,"4-28-2011 00:00:00",2.21
0,"4-29-2011 00:00:00",2.88
0,"4-30-2011 00:00:00",3.5
0,"5-1-2011 00:00:00",3.03
0,"5-2-2011 00:00:00",3.2
0,"5-3-2011 00:00:00",3.41
0,"5-4-2011 00:00:00",3.41
0,"5-5-2011 00:00:00",3.33
0,"5-6-2011 00:00:00",3.45
0,"5-7-2011 00:00:00",3.64
0,"5-8-2011 00:00:00",3.87
0,"5-9-2011 00:00:00",3.8
0,"5-10-2011 00:00:00",5.81
0,"5-11-2011 00:00:00",5.5
0,"5-12-2011 00:00:00",6.3
0,"5-13-2011 00:00:00",8.2
0,"5-14-2011 00:00:00",7.2
0,"5-15-2011 00:00:00",6.99
0,"5-16-2011 00:00:00",8.03
0,"5-17-2011 00:00:00",7.19
0,"5-18-2011 00:00:00",6.88
0,"5-19-2011 00:00:00",6.8
0,"5-20-2011 00:00:00",5.59
0,"5-21-2011 00:00:00",6.12
0,"5-22-2011 00:00:00",6.69
0,"5-23-2011 00:00:00",7.15
0,"5-24-2011 00:00:00",7.42
0,"5-25-2011 00:00:00",8.4
0,"5-26-2011 00:00:00",8.8
0,"5-27-2011 00:00:00",8.5
0,"5-28-2011 00:00:00",8.3
0,"5-29-2011 00:00:00",8.43
0,"5-30-2011 00:00:00",8.8
0,"5-31-2011 00:00:00",8.74
0,"6-1-2011 00:00:00",9.57
0,"6-2-2011 00:00:00",10.6
0,"6-3-2011 00:00:00",14.29
0,"6-4-2011 00:00:00",18.89
0,"6-5-2011 00:00:00",16.7
0,"6-6-2011 00:00:00",18.55
0,"6-7-2011 00:00:00",23.92
0,"6-8-2011 00:00:00",29.6
0,"6-9-2011 00:00:00",28.92
0,"6-10-2011 00:00:00",23.95
0,"6-11-2011 00:00:00",14.65
0,"6-12-2011 00:00:00",18.55
0,"6-13-2011 00:00:00",19.84
0,"6-14-2011 00:00:00",19.28
0,"6-15-2011 00:00:00",19.49
0,"6-16-2011 00:00:00",17
0,"6-17-2011 00:00:00",15.68
0,"6-18-2011 00:00:00",16.89
0,"6-19-2011 00:00:00",17.51
0,"6-20-2011 00:00:00",17.51
0,"6-21-2011 00:00:00",17.51
0,"6-22-2011 00:00:00",17.51
0,"6-23-2011 00:00:00",17.51
0,"6-24-2011 00:00:00",17.51
0,"6-25-2011 00:00:00",17.51
0,"6-26-2011 00:00:00",16.45
0,"6-27-2011 00:00:00",16.75
0,"6-28-2011 00:00:00",16.95
0,"6-29-2011 00:00:00",16.84
0,"6-30-2011 00:00:00",16.1
0,"7-1-2011 00:00:00",15.4
0,"7-2-2011 00:00:00",15.4
0,"7-3-2011 00:00:00",15.44
0,"7-4-2011 00:00:00",13.86
0,"7-5-2011 00:00:00",12.91
0,"7-6-2011 00:00:00",14.78
0,"7-7-2011 00:00:00",14.78
0,"7-8-2011 00:00:00",14.31
0,"7-9-2011 00:00:00",14.38
0,"7-10-2011 00:00:00",14.9
0,"7-11-2011 00:00:00",14.21
0,"7-12-2011 00:00:00",14.01
0,"7-13-2011 00:00:00",13.95
0,"7-14-2011 00:00:00",13.99
0,"7-15-2011 00:00:00",13.81
0,"7-16-2011 00:00:00",13.72
0,"7-17-2011 00:00:00",13.16
0,"7-18-2011 00:00:00",13.48
0,"7-19-2011 00:00:00",13.85
0,"7-20-2011 00:00:00",13.69
0,"7-21-2011 00:00:00",13.61
0,"7-22-2011 00:00:00",13.7
0,"7-23-2011 00:00:00",13.68
0,"7-24-2011 00:00:00",13.98
0,"7-25-2011 00:00:00",14.05
0,"7-26-2011 00:00:00",13.88
0,"7-27-2011 00:00:00",13.94
0,"7-28-2011 00:00:00",13.49
0,"7-29-2011 00:00:00",13.5
0,"7-30-2011 00:00:00",13.53
0,"7-31-2011 00:00:00",13.35
0,"8-1-2011 00:00:00",13.09
0,"8-2-2011 00:00:00",12.05
0,"8-3-2011 00:00:00",9.26
0,"8-4-2011 00:00:00",10.75
0,"8-5-2011 00:00:00",9.8
0,"8-6-2011 00:00:00",6.55
0,"8-7-2011 00:00:00",7.9
0,"8-8-2011 00:00:00",7.8
0,"8-9-2011 00:00:00",9.99
0,"8-10-2011 00:00:00",9.98
0,"8-11-2011 00:00:00",9.46
0,"8-12-2011 00:00:00",9.46
0,"8-13-2011 00:00:00",10.13
0,"8-14-2011 00:00:00",10.8
0,"8-15-2011 00:00:00",11.15
0,"8-16-2011 00:00:00",10.96
0,"8-17-2011 00:00:00",10.95
0,"8-18-2011 00:00:00",10.83
0,"8-19-2011 00:00:00",11.65
0,"8-20-2011 00:00:00",11.45
0,"8-21-2011 00:00:00",11.31
0,"8-22-2011 00:00:00",10.89
0,"8-23-2011 00:00:00",10.94
0,"8-24-2011 00:00:00",10.85
0,"8-25-2011 00:00:00",9.66
0,"8-26-2011 00:00:00",8.18
0,"8-27-2011 00:00:00",8.59
0,"8-28-2011 00:00:00",9.07
0,"8-29-2011 00:00:00",8.97
0,"8-30-2011 00:00:00",8.79
0,"8-31-2011 00:00:00",8.2
0,"9-1-2011 00:00:00",8.21
0,"9-2-2011 00:00:00",8.64
0,"9-3-2011 00:00:00",8.48
0,"9-4-2011 00:00:00",8.18
0,"9-5-2011 00:00:00",7.61
0,"9-6-2011 00:00:00",6.86
0,"9-7-2011 00:00:00",7.19
0,"9-8-2011 00:00:00",6.53
0,"9-9-2011 00:00:00",5.03
0,"9-10-2011 00:00:00",4.77
0,"9-11-2011 00:00:00",5.86
0,"9-12-2011 00:00:00",6.08
0,"9-13-2011 00:00:00",5.8
0,"9-14-2011 00:00:00",5.62
0,"9-15-2011 00:00:00",4.84
0,"9-16-2011 00:00:00",4.82
0,"9-17-2011 00:00:00",4.77
0,"9-18-2011 00:00:00",5.2
0,"9-19-2011 00:00:00",5.46
0,"9-20-2011 00:00:00",6.11
0,"9-21-2011 00:00:00",5.61
0,"9-22-2011 00:00:00",5.43
0,"9-23-2011 00:00:00",5.55
0,"9-24-2011 00:00:00",5.47
0,"9-25-2011 00:00:00",5.33
0,"9-26-2011 00:00:00",4.87
0,"9-27-2011 00:00:00",4.92
0,"9-28-2011 00:00:00",4.77
0,"9-29-2011 00:00:00",4.78
0,"9-30-2011 00:00:00",5.14
0,"10-1-2011 00:00:00",5.03
0,"10-2-2011 00:00:00",5.03
0,"10-3-2011 00:00:00",5.02
0,"10-4-2011 00:00:00",4.96
0,"10-5-2011 00:00:00",4.87
0,"10-6-2011 00:00:00",4.73
0,"10-7-2011 00:00:00",4.27
0,"10-8-2011 00:00:00",4.01
0,"10-9-2011 00:00:00",4.1
0,"10-10-2011 00:00:00",4.1
0,"10-11-2011 00:00:00",3.93
0,"10-12-2011 00:00:00",4.15
0,"10-13-2011 00:00:00",4.05
0,"10-14-2011 00:00:00",3.99
0,"10-15-2011 00:00:00",3.84
0,"10-16-2011 00:00:00",3.56
0,"10-17-2011 00:00:00",2.56
0,"10-18-2011 00:00:00",2.42
0,"10-19-2011 00:00:00",2.27
0,"10-20-2011 00:00:00",2.35
0,"10-21-2011 00:00:00",2.57
0,"10-22-2011 00:00:00",3.16
0,"10-23-2011 00:00:00",3.17
0,"10-24-2011 00:00:00",2.54
0,"10-25-2011 00:00:00",2.77
0,"10-26-2011 00:00:00",2.77
0,"10-27-2011 00:00:00",3.04
0,"10-28-2011 00:00:00",3.19
0,"10-29-2011 00:00:00",3.58
0,"10-30-2011 00:00:00",3.27
0,"10-31-2011 00:00:00",3.25
0,"11-1-2011 00:00:00",3.15
0,"11-2-2011 00:00:00",3.25
0,"11-3-2011 00:00:00",3.15
0,"11-4-2011 00:00:00",3.11
0,"11-5-2011 00:00:00",2.97
0,"11-6-2011 00:00:00",2.96
0,"11-7-2011 00:00:00",3.01
0,"11-8-2011 00:00:00",3.03
0,"11-9-2011 00:00:00",2.95
0,"11-10-2011 00:00:00",2.84
0,"11-11-2011 00:00:00",3.08
0,"11-12-2011 00:00:00",3.03
0,"11-13-2011 00:00:00",3
0,"11-14-2011 00:00:00",2.22
0,"11-15-2011 00:00:00",2.33
0,"11-16-2011 00:00:00",2.56
0,"11-17-2011 00:00:00",2.25
0,"11-18-2011 00:00:00",2.05
0,"11-19-2011 00:00:00",2.2
0,"11-20-2011 00:00:00",2.2
0,"11-21-2011 00:00:00",2.29
0,"11-22-2011 00:00:00",2.33
0,"11-23-2011 00:00:00",2.33
0,"11-24-2011 00:00:00",2.43
0,"11-25-2011 00:00:00",2.51
0,"11-26-2011 00:00:00",2.47
0,"11-27-2011 00:00:00",2.48
0,"11-28-2011 00:00:00",2.55
0,"11-29-2011 00:00:00",2.75
0,"11-30-2011 00:00:00",2.97
0,"12-1-2011 00:00:00",3.06
0,"12-2-2011 00:00:00",3.12
0,"12-3-2011 00:00:00",2.79
0,"12-4-2011 00:00:00",2.83
0,"12-5-2011 00:00:00",2.88
0,"12-6-2011 00:00:00",3.03
0,"12-7-2011 00:00:00",2.99
0,"12-8-2011 00:00:00",2.98
0,"12-9-2011 00:00:00",2.97
0,"12-10-2011 00:00:00",3.05
0,"12-11-2011 00:00:00",3.25
0,"12-12-2011 00:00:00",3.13
0,"12-13-2011 00:00:00",3.25
0,"12-14-2011 00:00:00",3.15
0,"12-15-2011 00:00:00",3.2
0,"12-16-2011 00:00:00",3.2
0,"12-17-2011 00:00:00",3.2
0,"12-18-2011 00:00:00",3.19
0,"12-19-2011 00:00:00",3.52
0,"12-20-2011 00:00:00",3.95
0,"12-21-2011 00:00:00",3.89
0,"12-22-2011 00:00:00",3.89
0,"12-23-2011 00:00:00",3.95
0,"12-24-2011 00:00:00",3.94
0,"12-25-2011 00:00:00",4.22
0,"12-26-2011 00:00:00",4.02
0,"12-27-2011 00:00:00",4.07
0,"12-28-2011 00:00:00",4.19
0,"12-29-2011 00:00:00",4.17
0,"12-30-2011 00:00:00",4.25
0,"12-31-2011 00:00:00",4.72
0,"1-1-2012 00:00:00",5.27
0,"1-2-2012 00:00:00",5.22
0,"1-3-2012 00:00:00",4.88
0,"1-4-2012 00:00:00",5.57
0,"1-5-2012 00:00:00",6.95
0,"1-6-2012 00:00:00",6.7
0,"1-7-2012 00:00:00",6.81
0,"1-8-2012 00:00:00",7.11
0,"1-9-2012 00:00:00",6.33
0,"1-10-2012 00:00:00",6.36
0,"1-11-2012 00:00:00",6.9
0,"1-12-2012 00:00:00",6.8
0,"1-13-2012 00:00:00",6.41
0,"1-14-2012 00:00:00",6.75
0,"1-15-2012 00:00:00",7
0,"1-16-2012 00:00:00",6.68
0,"1-17-2012 00:00:00",5.6
0,"1-18-2012 00:00:00",5.92
0,"1-19-2012 00:00:00",6.36
0,"1-20-2012 00:00:00",6.49
0,"1-21-2012 00:00:00",6.18
0,"1-22-2012 00:00:00",6.31
0,"1-23-2012 00:00:00",6.36
0,"1-24-2012 00:00:00",6.29
0,"1-25-2012 00:00:00",5.75
0,"1-26-2012 00:00:00",5.34
0,"1-27-2012 00:00:00",5.29
0,"1-28-2012 00:00:00",5.63
0,"1-29-2012 00:00:00",5.38
0,"1-30-2012 00:00:00",5.49
0,"1-31-2012 00:00:00",5.48
0,"2-1-2012 00:00:00",6.08
0,"2-2-2012 00:00:00",6.1
0,"2-3-2012 00:00:00",5.96
0,"2-4-2012 00:00:00",5.87
0,"2-5-2012 00:00:00",5.69
0,"2-6-2012 00:00:00",5.45
0,"2-7-2012 00:00:00",5.69
0,"2-8-2012 00:00:00",5.6
0,"2-9-2012 00:00:00",5.83
0,"2-10-2012 00:00:00",5.91
0,"2-11-2012 00:00:00",5.6
0,"2-12-2012 00:00:00",5.51
0,"2-13-2012 00:00:00",5.26
0,"2-14-2012 00:00:00",4.46
0,"2-15-2012 00:00:00",4.33
0,"2-16-2012 00:00:00",4.27
0,"2-17-2012 00:00:00",4.41
0,"2-18-2012 00:00:00",4.22
0,"2-19-2012 00:00:00",4.39
0,"2-20-2012 00:00:00",4.36
0,"2-21-2012 00:00:00",4.27
0,"2-22-2012 00:00:00",4.42
0,"2-23-2012 00:00:00",5.01
0,"2-24-2012 00:00:00",5.03
0,"2-25-2012 00:00:00",4.77
0,"2-26-2012 00:00:00",4.92
0,"2-27-2012 00:00:00",4.96
0,"2-28-2012 00:00:00",4.87
0,"2-29-2012 00:00:00",4.86
0,"3-1-2012 00:00:00",4.92
0,"3-2-2012 00:00:00",4.7
0,"3-3-2012 00:00:00",4.61
0,"3-4-2012 00:00:00",4.82
0,"3-5-2012 00:00:00",4.98
0,"3-6-2012 00:00:00",4.99
0,"3-7-2012 00:00:00",4.94
0,"3-8-2012 00:00:00",4.93
0,"3-9-2012 00:00:00",4.86
0,"3-10-2012 00:00:00",4.83
0,"3-11-2012 00:00:00",4.91
0,"3-12-2012 00:00:00",4.89
0,"3-13-2012 00:00:00",5.27
0,"3-14-2012 00:00:00",5.38
0,"3-15-2012 00:00:00",5.33
0,"3-16-2012 00:00:00",5.34
0,"3-17-2012 00:00:00",5.22
0,"3-18-2012 00:00:00",5.28
0,"3-19-2012 00:00:00",4.69
0,"3-20-2012 00:00:00",4.84
0,"3-21-2012 00:00:00",4.81
0,"3-22-2012 00:00:00",4.7
0,"3-23-2012 00:00:00",4.69
0,"3-24-2012 00:00:00",4.68
0,"3-25-2012 00:00:00",4.55
0,"3-26-2012 00:00:00",4.62
0,"3-27-2012 00:00:00",4.81
0,"3-28-2012 00:00:00",4.79
0,"3-29-2012 00:00:00",4.81
0,"3-30-2012 00:00:00",4.86
0,"3-31-2012 00:00:00",4.91
0,"4-1-2012 00:00:00",4.83
0,"4-2-2012 00:00:00",4.97
0,"4-3-2012 00:00:00",4.95
0,"4-4-2012 00:00:00",4.91
0,"4-5-2012 00:00:00",4.92
0,"4-6-2012 00:00:00",4.95
0,"4-7-2012 00:00:00",4.69
0,"4-8-2012 00:00:00",4.79
0,"4-9-2012 00:00:00",4.87
0,"4-10-2012 00:00:00",4.84
0,"4-11-2012 00:00:00",4.93
0,"4-12-2012 00:00:00",4.92
0,"4-13-2012 00:00:00",4.94
0,"4-14-2012 00:00:00",4.96
0,"4-15-2012 00:00:00",4.97
0,"4-16-2012 00:00:00",4.93
0,"4-17-2012 00:00:00",4.98
0,"4-18-2012 00:00:00",5.12
0,"4-19-2012 00:00:00",5.14
0,"4-20-2012 00:00:00",5.35
0,"4-21-2012 00:00:00",5.26
0,"4-22-2012 00:00:00",5.2
0,"4-23-2012 00:00:00",4.96
0,"4-24-2012 00:00:00",5.1
0,"4-25-2012 00:00:00",5.13
0,"4-26-2012 00:00:00",5.1
0,"4-27-2012 00:00:00",5.11
0,"4-28-2012 00:00:00",4.98
0,"4-29-2012 00:00:00",4.9
0,"4-30-2012 00:00:00",4.95
0,"5-1-2012 00:00:00",5
0,"5-2-2012 00:00:00",5.07
0,"5-3-2012 00:00:00",5.13
0,"5-4-2012 00:00:00",5.07
0,"5-5-2012 00:00:00",5.08
0,"5-6-2012 00:00:00",5.05
0,"5-7-2012 00:00:00",5.06
0,"5-8-2012 00:00:00",5.05
0,"5-9-2012 00:00:00",5.04
0,"5-10-2012 00:00:00",4.85
0,"5-11-2012 00:00:00",4.96
0,"5-12-2012 00:00:00",4.95
0,"5-13-2012 00:00:00",4.93
0,"5-14-2012 00:00:00",5.01
0,"5-15-2012 00:00:00",5.03
0,"5-16-2012 00:00:00",5.09
0,"5-17-2012 00:00:00",5.1
0,"5-18-2012 00:00:00",5.12
0,"5-19-2012 00:00:00",5.1
0,"5-20-2012 00:00:00",5.09
0,"5-21-2012 00:00:00",5.1
0,"5-22-2012 00:00:00",5.1
0,"5-23-2012 00:00:00",5.14
0,"5-24-2012 00:00:00",5.12
0,"5-25-2012 00:00:00",5.15
0,"5-26-2012 00:00:00",5.1
0,"5-27-2012 00:00:00",5.14
0,"5-28-2012 00:00:00",5.14
0,"5-29-2012 00:00:00",5.15
0,"5-30-2012 00:00:00",5.13
0,"5-31-2012 00:00:00",5.18
0,"6-1-2012 00:00:00",5.27
0,"6-2-2012 00:00:00",5.25
0,"6-3-2012 00:00:00",5.21
0,"6-4-2012 00:00:00",5.27
0,"6-5-2012 00:00:00",5.44
0,"6-6-2012 00:00:00",5.46
0,"6-7-2012 00:00:00",5.59
0,"6-8-2012 00:00:00",5.63
0,"6-9-2012 00:00:00",5.56
0,"6-10-2012 00:00:00",5.47
0,"6-11-2012 00:00:00",5.57
0,"6-12-2012 00:00:00",5.7
0,"6-13-2012 00:00:00",5.93
0,"6-14-2012 00:00:00",5.95
0,"6-15-2012 00:00:00",6.5
0,"6-16-2012 00:00:00",6.4
0,"6-17-2012 00:00:00",6.16
0,"6-18-2012 00:00:00",6.31
0,"6-19-2012 00:00:00",6.5
0,"6-20-2012 00:00:00",6.67
0,"6-21-2012 00:00:00",6.68
0,"6-22-2012 00:00:00",6.55
0,"6-23-2012 00:00:00",6.43
0,"6-24-2012 00:00:00",6.35
0,"6-25-2012 00:00:00",6.3
0,"6-26-2012 00:00:00",6.42
0,"6-27-2012 00:00:00",6.65
0,"6-28-2012 00:00:00",6.61
0,"6-29-2012 00:00:00",6.65
0,"6-30-2012 00:00:00",6.69
0,"7-1-2012 00:00:00",6.63
0,"7-2-2012 00:00:00",6.76
0,"7-3-2012 00:00:00",6.45
0,"7-4-2012 00:00:00",6.51
0,"7-5-2012 00:00:00",6.67
0,"7-6-2012 00:00:00",6.65
0,"7-7-2012 00:00:00",6.76
0,"7-8-2012 00:00:00",6.8
0,"7-9-2012 00:00:00",7.02
0,"7-10-2012 00:00:00",7.2
0,"7-11-2012 00:00:00",7.15
0,"7-12-2012 00:00:00",7.76
0,"7-13-2012 00:00:00",7.67
0,"7-14-2012 00:00:00",7.54
0,"7-15-2012 00:00:00",7.62
0,"7-16-2012 00:00:00",8.5
0,"7-17-2012 00:00:00",8.8
0,"7-18-2012 00:00:00",9.11
0,"7-19-2012 00:00:00",8.87
0,"7-20-2012 00:00:00",8.52
0,"7-21-2012 00:00:00",8.85
0,"7-22-2012 00:00:00",8.41
0,"7-23-2012 00:00:00",8.45
0,"7-24-2012 00:00:00",8.6
0,"7-25-2012 00:00:00",8.8
0,"7-26-2012 00:00:00",8.9
0,"7-27-2012 00:00:00",8.9
0,"7-28-2012 00:00:00",8.89
0,"7-29-2012 00:00:00",8.71
0,"7-30-2012 00:00:00",9.1
0,"7-31-2012 00:00:00",9.35
0,"8-1-2012 00:00:00",9.55
0,"8-2-2012 00:00:00",10.53
0,"8-3-2012 00:00:00",10.97
0,"8-4-2012 00:00:00",10.98
0,"8-5-2012 00:00:00",10.87
0,"8-6-2012 00:00:00",10.86
0,"8-7-2012 00:00:00",11.1
0,"8-8-2012 00:00:00",11.06
0,"8-9-2012 00:00:00",11.06
0,"8-10-2012 00:00:00",11.39
0,"8-11-2012 00:00:00",11.51
0,"8-12-2012 00:00:00",11.62
0,"8-13-2012 00:00:00",12.04
0,"8-14-2012 00:00:00",12.19
0,"8-15-2012 00:00:00",13.25
0,"8-16-2012 00:00:00",13.5
0,"8-17-2012 00:00:00",11.58
0,"8-18-2012 00:00:00",11.61
0,"8-19-2012 00:00:00",8
0,"8-20-2012 00:00:00",10.1
0,"8-21-2012 00:00:00",9.91
0,"8-22-2012 00:00:00",9.81
0,"8-23-2012 00:00:00",10.1
0,"8-24-2012 00:00:00",10.6
0,"8-25-2012 00:00:00",10.52
0,"8-26-2012 00:00:00",10.61
0,"8-27-2012 00:00:00",10.95
0,"8-28-2012 00:00:00",10.94
0,"8-29-2012 00:00:00",10.92
0,"8-30-2012 00:00:00",10.78
0,"8-31-2012 00:00:00",10.16
0,"9-1-2012 00:00:00",9.97
0,"9-2-2012 00:00:00",10.2
0,"9-3-2012 00:00:00",10.53
0,"9-4-2012 00:00:00",10.38
0,"9-5-2012 00:00:00",11
0,"9-6-2012 00:00:00",11.18
0,"9-7-2012 00:00:00",11
0,"9-8-2012 00:00:00",11.04
0,"9-9-2012 00:00:00",11.02
0,"9-10-2012 00:00:00",11.17
0,"9-11-2012 00:00:00",11.33
0,"9-12-2012 00:00:00",11.36
0,"9-13-2012 00:00:00",11.4
0,"9-14-2012 00:00:00",11.67
0,"9-15-2012 00:00:00",11.75
0,"9-16-2012 00:00:00",11.87
0,"9-17-2012 00:00:00",11.89
0,"9-18-2012 00:00:00",12.25
0,"9-19-2012 00:00:00",12.57
0,"9-20-2012 00:00:00",12.28
0,"9-21-2012 00:00:00",12.37
0,"9-22-2012 00:00:00",12.24
0,"9-23-2012 00:00:00",12.19
0,"9-24-2012 00:00:00",12.1
0,"9-25-2012 00:00:00",12.2
0,"9-26-2012 00:00:00",12.27
0,"9-27-2012 00:00:00",12.31
0,"9-28-2012 00:00:00",12.39
0,"9-29-2012 00:00:00",12.36
0,"9-30-2012 00:00:00",12.4
0,"10-1-2012 00:00:00",12.4
0,"10-2-2012 00:00:00",12.84
0,"10-3-2012 00:00:00",12.89
0,"10-4-2012 00:00:00",12.85
0,"10-5-2012 00:00:00",12.69
0,"10-6-2012 00:00:00",12.5
0,"10-7-2012 00:00:00",11.8
0,"10-8-2012 00:00:00",11.78
0,"10-9-2012 00:00:00",11.89
0,"10-10-2012 00:00:00",12.12
0,"10-11-2012 00:00:00",12.03
0,"10-12-2012 00:00:00",12
0,"10-13-2012 00:00:00",11.86
0,"10-14-2012 00:00:00",11.74
0,"10-15-2012 00:00:00",11.84
0,"10-16-2012 00:00:00",11.85
0,"10-17-2012 00:00:00",11.81
0,"10-18-2012 00:00:00",11.94
0,"10-19-2012 00:00:00",11.74
0,"10-20-2012 00:00:00",11.74
0,"10-21-2012 00:00:00",11.63
0,"10-22-2012 00:00:00",11.71
0,"10-23-2012 00:00:00",11.65
0,"10-24-2012 00:00:00",11.65
0,"10-25-2012 00:00:00",10.86
0,"10-26-2012 00:00:00",10.17
0,"10-27-2012 00:00:00",10.26
0,"10-28-2012 00:00:00",10.7
0,"10-29-2012 00:00:00",10.6
0,"10-30-2012 00:00:00",10.89
0,"10-31-2012 00:00:00",11.2
0,"11-1-2012 00:00:00",10.57
0,"11-2-2012 00:00:00",10.47
0,"11-3-2012 00:00:00",10.64
0,"11-4-2012 00:00:00",10.8
0,"11-5-2012 00:00:00",10.75
0,"11-6-2012 00:00:00",10.9
0,"11-7-2012 00:00:00",10.92
0,"11-8-2012 00:00:00",10.92
0,"11-9-2012 00:00:00",10.81
0,"11-10-2012 00:00:00",10.89
0,"11-11-2012 00:00:00",10.87
0,"11-12-2012 00:00:00",11.01
0,"11-13-2012 00:00:00",10.95
0,"11-14-2012 00:00:00",10.95
0,"11-15-2012 00:00:00",11.2
0,"11-16-2012 00:00:00",11.75
0,"11-17-2012 00:00:00",11.79
0,"11-18-2012 00:00:00",11.65
0,"11-19-2012 00:00:00",11.8
0,"11-20-2012 00:00:00",11.73
0,"11-21-2012 00:00:00",11.77
0,"11-22-2012 00:00:00",12.42
0,"11-23-2012 00:00:00",12.34
0,"11-24-2012 00:00:00",12.41
0,"11-25-2012 00:00:00",12.48
0,"11-26-2012 00:00:00",12.25
0,"11-27-2012 00:00:00",12.2
0,"11-28-2012 00:00:00",12.35
0,"11-29-2012 00:00:00",12.45
0,"11-30-2012 00:00:00",12.56
0,"12-1-2012 00:00:00",12.56
0,"12-2-2012 00:00:00",12.5
0,"12-3-2012 00:00:00",12.68
0,"12-4-2012 00:00:00",13.41
0,"12-5-2012 00:00:00",13.38
0,"12-6-2012 00:00:00",13.3
0,"12-7-2012 00:00:00",13.5
0,"12-8-2012 00:00:00",13.42
0,"12-9-2012 00:00:00",13.39
0,"12-10-2012 00:00:00",13.43
0,"12-11-2012 00:00:00",13.56
0,"12-12-2012 00:00:00",13.7
0,"12-13-2012 00:00:00",13.7
0,"12-14-2012 00:00:00",13.6
0,"12-15-2012 00:00:00",13.49
0,"12-16-2012 00:00:00",13.3
0,"12-17-2012 00:00:00",13.25
0,"12-18-2012 00:00:00",13.3
0,"12-19-2012 00:00:00",13.6
0,"12-20-2012 00:00:00",13.52
0,"12-21-2012 00:00:00",13.5
0,"12-22-2012 00:00:00",13.37
0,"12-23-2012 00:00:00",13.31
0,"12-24-2012 00:00:00",13.38
0,"12-25-2012 00:00:00",13.35
0,"12-26-2012 00:00:00",13.47
0,"12-27-2012 00:00:00",13.42
0,"12-28-2012 00:00:00",13.42
0,"12-29-2012 00:00:00",13.4
0,"12-30-2012 00:00:00",13.45
0,"12-31-2012 00:00:00",13.51
0,"1-1-2013 00:00:00",13.3
0,"1-2-2013 00:00:00",13.28
0,"1-3-2013 00:00:00",13.4
0,"1-4-2013 00:00:00",13.5
0,"1-5-2013 00:00:00",13.44
0,"1-6-2013 00:00:00",13.45
0,"1-7-2013 00:00:00",13.59
0,"1-8-2013 00:00:00",13.74
0,"1-9-2013 00:00:00",13.77
0,"1-10-2013 00:00:00",14.14
0,"1-11-2013 00:00:00",14.14
0,"1-12-2013 00:00:00",14.24
0,"1-13-2013 00:00:00",14.12
0,"1-14-2013 00:00:00",14.3
0,"1-15-2013 00:00:00",14.25
0,"1-16-2013 00:00:00",14.73
0,"1-17-2013 00:00:00",15.5
0,"1-18-2013 00:00:00",15.7
0,"1-19-2013 00:00:00",15.61
0,"1-20-2013 00:00:00",15.7
0,"1-21-2013 00:00:00",16.8
0,"1-22-2013 00:00:00",17.26
0,"1-23-2013 00:00:00",17.5
0,"1-24-2013 00:00:00",16.9
0,"1-25-2013 00:00:00",17.4
0,"1-26-2013 00:00:00",17.88
0,"1-27-2013 00:00:00",17.82
0,"1-28-2013 00:00:00",18.72
0,"1-29-2013 00:00:00",19.53
0,"1-30-2013 00:00:00",19.7
0,"1-31-2013 00:00:00",20.41
0,"2-1-2013 00:00:00",20.5
0,"2-2-2013 00:00:00",19.63
0,"2-3-2013 00:00:00",20.59
0,"2-4-2013 00:00:00",20.43
0,"2-5-2013 00:00:00",20.6
0,"2-6-2013 00:00:00",21.18
0,"2-7-2013 00:00:00",22.15
0,"2-8-2013 00:00:00",22.66
0,"2-9-2013 00:00:00",23.65
0,"2-10-2013 00:00:00",23.97
0,"2-11-2013 00:00:00",24.65
0,"2-12-2013 00:00:00",25.17
0,"2-13-2013 00:00:00",24.2
0,"2-14-2013 00:00:00",27.22
0,"2-15-2013 00:00:00",27.1
0,"2-16-2013 00:00:00",27.22
0,"2-17-2013 00:00:00",26.81
0,"2-18-2013 00:00:00",26.95
0,"2-19-2013 00:00:00",29.42
0,"2-20-2013 00:00:00",29.64
0,"2-21-2013 00:00:00",29.75
0,"2-22-2013 00:00:00",30.25
0,"2-23-2013 00:00:00",29.8
0,"2-24-2013 00:00:00",29.89
0,"2-25-2013 00:00:00",30.4
0,"2-26-2013 00:00:00",31.1
0,"2-27-2013 00:00:00",30.9
0,"2-28-2013 00:00:00",33.38
0,"3-1-2013 00:00:00",34.5
0,"3-2-2013 00:00:00",34.25
0,"3-3-2013 00:00:00",34.5
0,"3-4-2013 00:00:00",36.15
0,"3-5-2013 00:00:00",40.33
0,"3-6-2013 00:00:00",41.02
0,"3-7-2013 00:00:00",42
0,"3-8-2013 00:00:00",44.18
0,"3-9-2013 00:00:00",46.85
0,"3-10-2013 00:00:00",46
0,"3-11-2013 00:00:00",48.4
0,"3-12-2013 00:00:00",44.29
0,"3-13-2013 00:00:00",46.92
0,"3-14-2013 00:00:00",47.17
0,"3-15-2013 00:00:00",46.95
0,"3-16-2013 00:00:00",47
0,"3-17-2013 00:00:00",47.4
0,"3-18-2013 00:00:00",51.6
0,"3-19-2013 00:00:00",59.14
0,"3-20-2013 00:00:00",64.49
0,"3-21-2013 00:00:00",70.85
0,"3-22-2013 00:00:00",69.86
0,"3-23-2013 00:00:00",64.35
0,"3-24-2013 00:00:00",71.5
0,"3-25-2013 00:00:00",73.6
0,"3-26-2013 00:00:00",78.5
0,"3-27-2013 00:00:00",88.92
0,"3-28-2013 00:00:00",86.18
0,"3-29-2013 00:00:00",90.5
0,"3-30-2013 00:00:00",92.19
0,"3-31-2013 00:00:00",93.03
0,"4-1-2013 00:00:00",104
0,"4-2-2013 00:00:00",117.98
0,"4-3-2013 00:00:00",135
0,"4-4-2013 00:00:00",132.12
0,"4-5-2013 00:00:00",142.32
0,"4-6-2013 00:00:00",142.63
0,"4-7-2013 00:00:00",162.3
0,"4-8-2013 00:00:00",187.5
0,"4-9-2013 00:00:00",230
0,"4-10-2013 00:00:00",165
0,"4-11-2013 00:00:00",124.9
0,"4-12-2013 00:00:00",117
0,"4-13-2013 00:00:00",93
0,"4-14-2013 00:00:00",90
0,"4-15-2013 00:00:00",82.39
0,"4-16-2013 00:00:00",68.36
0,"4-17-2013 00:00:00",93.07
0,"4-18-2013 00:00:00",109.01
0,"4-19-2013 00:00:00",118.48
0,"4-20-2013 00:00:00",126.62
0,"4-21-2013 00:00:00",119.2
0,"4-22-2013 00:00:00",127.4
0,"4-23-2013 00:00:00",143.47
0,"4-24-2013 00:00:00",154.2
0,"4-25-2013 00:00:00",141.71
0,"4-26-2013 00:00:00",136.9
0,"4-27-2013 00:00:00",128
0,"4-28-2013 00:00:00",134.44
0,"4-29-2013 00:00:00",144
0,"4-30-2013 00:00:00",139.23
0,"5-1-2013 00:00:00",116.38
0,"5-2-2013 00:00:00",106.25
0,"5-3-2013 00:00:00",98.1
0,"5-4-2013 00:00:00",112.9
0,"5-5-2013 00:00:00",115.98
0,"5-6-2013 00:00:00",112.25
0,"5-7-2013 00:00:00",109.6
0,"5-8-2013 00:00:00",113.2
0,"5-9-2013 00:00:00",112.8
0,"5-10-2013 00:00:00",117.7
0,"5-11-2013 00:00:00",115.64
0,"5-12-2013 00:00:00",114.82
0,"5-13-2013 00:00:00",117.98
0,"5-14-2013 00:00:00",111.4
0,"5-15-2013 00:00:00",114.22
0,"5-16-2013 00:00:00",118.21
0,"5-17-2013 00:00:00",123.5
0,"5-18-2013 00:00:00",123.21
0,"5-19-2013 00:00:00",122.5
0,"5-20-2013 00:00:00",122.02
0,"5-21-2013 00:00:00",122.89
0,"5-22-2013 00:00:00",123.8
0,"5-23-2013 00:00:00",126.3
0,"5-24-2013 00:00:00",133.1
0,"5-25-2013 00:00:00",131.99
0,"5-26-2013 00:00:00",133.5
0,"5-27-2013 00:00:00",129.77
0,"5-28-2013 00:00:00",129
0,"5-29-2013 00:00:00",132.25
0,"5-30-2013 00:00:00",128.8
0,"5-31-2013 00:00:00",128.82
0,"6-1-2013 00:00:00",129.3
0,"6-2-2013 00:00:00",122.5
0,"6-3-2013 00:00:00",120.74
0,"6-4-2013 00:00:00",121.4
0,"6-5-2013 00:00:00",121.9
0,"6-6-2013 00:00:00",118.97
0,"6-7-2013 00:00:00",111
0,"6-8-2013 00:00:00",107.89
0,"6-9-2013 00:00:00",100.44
0,"6-10-2013 00:00:00",106.35
0,"6-11-2013 00:00:00",109
0,"6-12-2013 00:00:00",108.78
0,"6-13-2013 00:00:00",103.95
0,"6-14-2013 00:00:00",100
0,"6-15-2013 00:00:00",99.8
0,"6-16-2013 00:00:00",99.9
0,"6-17-2013 00:00:00",101.95
0,"6-18-2013 00:00:00",107.35
0,"6-19-2013 00:00:00",108.25
0,"6-20-2013 00:00:00",111.29
0,"6-21-2013 00:00:00",109.5
0,"6-22-2013 00:00:00",108.2
0,"6-23-2013 00:00:00",107.9
0,"6-24-2013 00:00:00",102.09
0,"6-25-2013 00:00:00",103.33
0,"6-26-2013 00:00:00",104
0,"6-27-2013 00:00:00",101.74
0,"6-28-2013 00:00:00",94.66
0,"6-29-2013 00:00:00",95
0,"6-30-2013 00:00:00",97.51
0,"7-1-2013 00:00:00",84.61
0,"7-2-2013 00:00:00",87.66
0,"7-3-2013 00:00:00",76.89
0,"7-4-2013 00:00:00",77.68
0,"7-5-2013 00:00:00",66.34
0,"7-6-2013 00:00:00",66.85
0,"7-7-2013 00:00:00",72.51
0,"7-8-2013 00:00:00",74.56
0,"7-9-2013 00:00:00",74.22
0,"7-10-2013 00:00:00",84.51
0,"7-11-2013 00:00:00",91.22
0,"7-12-2013 00:00:00",88.46
0,"7-13-2013 00:00:00",91.39
0,"7-14-2013 00:00:00",90.37
0,"7-15-2013 00:00:00",93.14
0,"7-16-2013 00:00:00",92.74
0,"7-17-2013 00:00:00",90.54
0,"7-18-2013 00:00:00",85.43
0,"7-19-2013 00:00:00",85.78
0,"7-20-2013 00:00:00",85.67
0,"7-21-2013 00:00:00",85.47
0,"7-22-2013 00:00:00",86.09
0,"7-23-2013 00:00:00",86.94
0,"7-24-2013 00:00:00",87.46
0,"7-25-2013 00:00:00",89.41
0,"7-26-2013 00:00:00",90.63
0,"7-27-2013 00:00:00",89.1
0,"7-28-2013 00:00:00",92.1
0,"7-29-2013 00:00:00",93.3
0,"7-30-2013 00:00:00",96.31
0,"7-31-2013 00:00:00",97.91
0,"8-1-2013 00:00:00",96.42
0,"8-2-2013 00:00:00",97.24
0,"8-3-2013 00:00:00",96.66
0,"8-4-2013 00:00:00",96.6
0,"8-5-2013 00:00:00",96.92
0,"8-6-2013 00:00:00",97.13
0,"8-7-2013 00:00:00",96.92
0,"8-8-2013 00:00:00",94.77
0,"8-9-2013 00:00:00",93.36
0,"8-10-2013 00:00:00",93.29
0,"8-11-2013 00:00:00",94.16
0,"8-12-2013 00:00:00",95.08
0,"8-13-2013 00:00:00",97.9
0,"8-14-2013 00:00:00",97.96
0,"8-15-2013 00:00:00",97.54
0,"8-16-2013 00:00:00",98.33
0,"8-17-2013 00:00:00",99.56
0,"8-18-2013 00:00:00",98.84
0,"8-19-2013 00:00:00",102.3
0,"8-20-2013 00:00:00",105.01
0,"8-21-2013 00:00:00",111.44
0,"8-22-2013 00:00:00",109.73
0,"8-23-2013 00:00:00",107.55
0,"8-24-2013 00:00:00",108.69
0,"8-25-2013 00:00:00",111.79
0,"8-26-2013 00:00:00",112.23
0,"8-27-2013 00:00:00",117.45
0,"8-28-2013 00:00:00",117.59
0,"8-29-2013 00:00:00",117.52
0,"8-30-2013 00:00:00",123.23
0,"8-31-2013 00:00:00",129.46
0,"9-1-2013 00:00:00",128.26
0,"9-2-2013 00:00:00",127.36
0,"9-3-2013 00:00:00",127.59
0,"9-4-2013 00:00:00",120.57
0,"9-5-2013 00:00:00",120.53
0,"9-6-2013 00:00:00",116.32
0,"9-7-2013 00:00:00",119.05
0,"9-8-2013 00:00:00",116.59
0,"9-9-2013 00:00:00",120.02
0,"9-10-2013 00:00:00",121.46
0,"9-11-2013 00:00:00",125.45
0,"9-12-2013 00:00:00",125.76
0,"9-13-2013 00:00:00",126.51
0,"9-14-2013 00:00:00",124.08
0,"9-15-2013 00:00:00",124.58
0,"9-16-2013 00:00:00",125.06
0,"9-17-2013 00:00:00",125.97
0,"9-18-2013 00:00:00",126.3
0,"9-19-2013 00:00:00",124.19
0,"9-20-2013 00:00:00",122.9
0,"9-21-2013 00:00:00",122.64
0,"9-22-2013 00:00:00",122.65
0,"9-23-2013 00:00:00",122.22
0,"9-24-2013 00:00:00",122.54
0,"9-25-2013 00:00:00",123.42
0,"9-26-2013 00:00:00",123.48
0,"9-27-2013 00:00:00",123.5
0,"9-28-2013 00:00:00",124.75
0,"9-29-2013 00:00:00",125.18
0,"9-30-2013 00:00:00",123.1
0,"10-1-2013 00:00:00",125.49
0,"10-2-2013 00:00:00",99.81
0,"10-3-2013 00:00:00",116.82
0,"10-4-2013 00:00:00",121.29
0,"10-5-2013 00:00:00",121.14
0,"10-6-2013 00:00:00",121.68
0,"10-7-2013 00:00:00",123.24
0,"10-8-2013 00:00:00",124.32
0,"10-9-2013 00:00:00",125.84
0,"10-10-2013 00:00:00",125.7
0,"10-11-2013 00:00:00",125.51
0,"10-12-2013 00:00:00",126.52
0,"10-13-2013 00:00:00",130.42
0,"10-14-2013 00:00:00",133.04
0,"10-15-2013 00:00:00",138.64
0,"10-16-2013 00:00:00",137.42
0,"10-17-2013 00:00:00",142.73
0,"10-18-2013 00:00:00",149.59
0,"10-19-2013 00:00:00",159.81
0,"10-20-2013 00:00:00",163.06
0,"10-21-2013 00:00:00",174.18
0,"10-22-2013 00:00:00",183.86
0,"10-23-2013 00:00:00",200.62
0,"10-24-2013 00:00:00",183.15
0,"10-25-2013 00:00:00",178.12
0,"10-26-2013 00:00:00",175.9
0,"10-27-2013 00:00:00",185.69
0,"10-28-2013 00:00:00",187.87
0,"10-29-2013 00:00:00",198.19
0,"10-30-2013 00:00:00",194.55
0,"10-31-2013 00:00:00",198.23
0,"11-1-2013 00:00:00",198.51
0,"11-2-2013 00:00:00",200.85
0,"11-3-2013 00:00:00",207.63
0,"11-4-2013 00:00:00",225.2
0,"11-5-2013 00:00:00",239.29
0,"11-6-2013 00:00:00",253.69
0,"11-7-2013 00:00:00",283.3
0,"11-8-2013 00:00:00",323.77
0,"11-9-2013 00:00:00",336.14
0,"11-10-2013 00:00:00",311.9
0,"11-11-2013 00:00:00",332.63
0,"11-12-2013 00:00:00",349.34
0,"11-13-2013 00:00:00",393.28
0,"11-14-2013 00:00:00",410.72
0,"11-15-2013 00:00:00",409.17
0,"11-16-2013 00:00:00",428.82
0,"11-17-2013 00:00:00",476.29
0,"11-18-2013 00:00:00",674.38
0,"11-19-2013 00:00:00",541.83
0,"11-20-2013 00:00:00",572.67
0,"11-21-2013 00:00:00",695.87
0,"11-22-2013 00:00:00",747.48
0,"11-23-2013 00:00:00",776.7
0,"11-24-2013 00:00:00",751.38
0,"11-25-2013 00:00:00",778.68
0,"11-26-2013 00:00:00",899.2
0,"11-27-2013 00:00:00",948.41
0,"11-28-2013 00:00:00",1037.75
0,"11-29-2013 00:00:00",1120.4
0,"11-30-2013 00:00:00",1124.76
0,"12-1-2013 00:00:00",946.92
0,"12-2-2013 00:00:00",1038.35
0,"12-3-2013 00:00:00",1068.67
0,"12-4-2013 00:00:00",1147.25
0,"12-5-2013 00:00:00",1042.03
0,"12-6-2013 00:00:00",834.03
0,"12-7-2013 00:00:00",694.47
0,"12-8-2013 00:00:00",795.4
0,"12-9-2013 00:00:00",898.02
0,"12-10-2013 00:00:00",990
0,"12-11-2013 00:00:00",883.26
0,"12-12-2013 00:00:00",875.75
0,"12-13-2013 00:00:00",898.21
0,"12-14-2013 00:00:00",867.49
0,"12-15-2013 00:00:00",879.47
0,"12-16-2013 00:00:00",712.51
0,"12-17-2013 00:00:00",683.84
0,"12-18-2013 00:00:00",522.23
0,"12-19-2013 00:00:00",698.45
0,"12-20-2013 00:00:00",622.84
0,"12-21-2013 00:00:00",608.96
0,"12-22-2013 00:00:00",617.82
0,"12-23-2013 00:00:00",673.17
0,"12-24-2013 00:00:00",667.62
0,"12-25-2013 00:00:00",687.36
0,"12-26-2013 00:00:00",765.21
0,"12-27-2013 00:00:00",746.72
0,"12-28-2013 00:00:00",730.47
0,"12-29-2013 00:00:00",745.07
0,"12-30-2013 00:00:00",754.76
0,"12-31-2013 00:00:00",757.5
0,"1-1-2014 00:00:00",770.44
0,"1-2-2014 00:00:00",808.05
0,"1-3-2014 00:00:00",830.02
0,"1-4-2014 00:00:00",858.98
0,"1-5-2014 00:00:00",940.1
0,"1-6-2014 00:00:00",951.39
0,"1-7-2014 00:00:00",810.58
0,"1-8-2014 00:00:00",859.95
0,"1-9-2014 00:00:00",860.89
0,"1-10-2014 00:00:00",884.67
0,"1-11-2014 00:00:00",930.9
0,"1-12-2014 00:00:00",873.26
0,"1-13-2014 00:00:00",857.96
0,"1-14-2014 00:00:00",851.83
0,"1-15-2014 00:00:00",874.71
0,"1-16-2014 00:00:00",847.37
0,"1-17-2014 00:00:00",828.22
0,"1-18-2014 00:00:00",843.76
0,"1-19-2014 00:00:00",878.68
0,"1-20-2014 00:00:00",871.05
0,"1-21-2014 00:00:00",874.29
0,"1-22-2014 00:00:00",863.95
0,"1-23-2014 00:00:00",854.35
0,"1-24-2014 00:00:00",825.12
0,"1-25-2014 00:00:00",861.85
0,"1-26-2014 00:00:00",880.15
0,"1-27-2014 00:00:00",814.53
0,"1-28-2014 00:00:00",833.94
0,"1-29-2014 00:00:00",837.51
0,"1-30-2014 00:00:00",845.85
0,"1-31-2014 00:00:00",848.29
0,"2-1-2014 00:00:00",853.02
0,"2-2-2014 00:00:00",854.37
0,"2-3-2014 00:00:00",846.9
0,"2-4-2014 00:00:00",842.01
0,"2-5-2014 00:00:00",820.87
0,"2-6-2014 00:00:00",783.62
0,"2-7-2014 00:00:00",703.57
0,"2-8-2014 00:00:00",676.91
0,"2-9-2014 00:00:00",681.94
0,"2-10-2014 00:00:00",679.73
0,"2-11-2014 00:00:00",669.44
0,"2-12-2014 00:00:00",648.38
0,"2-13-2014 00:00:00",598.41
0,"2-14-2014 00:00:00",656.61
0,"2-15-2014 00:00:00",645.43
0,"2-16-2014 00:00:00",610.65
0,"2-17-2014 00:00:00",621.49
0,"2-18-2014 00:00:00",621.22
0,"2-19-2014 00:00:00",617.71
0,"2-20-2014 00:00:00",552.21
0,"2-21-2014 00:00:00",569.04
0,"2-22-2014 00:00:00",604.75
0,"2-23-2014 00:00:00",604.58
0,"2-24-2014 00:00:00",545.32
0,"2-25-2014 00:00:00",534.71
0,"2-26-2014 00:00:00",577.09
0,"2-27-2014 00:00:00",576.7
0,"2-28-2014 00:00:00",543.93
0,"3-1-2014 00:00:00",563.74
0,"3-2-2014 00:00:00",560.3
0,"3-3-2014 00:00:00",661.12
0,"3-4-2014 00:00:00",663.6
0,"3-5-2014 00:00:00",661.79
0,"3-6-2014 00:00:00",658.72
0,"3-7-2014 00:00:00",625.83
0,"3-8-2014 00:00:00",615.24
0,"3-9-2014 00:00:00",633.18
0,"3-10-2014 00:00:00",625.83
0,"3-11-2014 00:00:00",628.95
0,"3-12-2014 00:00:00",631.39
0,"3-13-2014 00:00:00",638.16
0,"3-14-2014 00:00:00",626.71
0,"3-15-2014 00:00:00",633.67
0,"3-16-2014 00:00:00",630.72
0,"3-17-2014 00:00:00",621.22
0,"3-18-2014 00:00:00",613.63
0,"3-19-2014 00:00:00",608.82
0,"3-20-2014 00:00:00",586.59
0,"3-21-2014 00:00:00",570.77
0,"3-22-2014 00:00:00",564.42
0,"3-23-2014 00:00:00",561.35
0,"3-24-2014 00:00:00",586.27
0,"3-25-2014 00:00:00",582.28
0,"3-26-2014 00:00:00",579.07
0,"3-27-2014 00:00:00",478.16
0,"3-28-2014 00:00:00",502.44
0,"3-29-2014 00:00:00",493.18
0,"3-30-2014 00:00:00",461.87
0,"3-31-2014 00:00:00",458.5
0,"4-1-2014 00:00:00",478.72
0,"4-2-2014 00:00:00",437.51
0,"4-3-2014 00:00:00",447.08
0,"4-4-2014 00:00:00",448.88
0,"4-5-2014 00:00:00",464.83
0,"4-6-2014 00:00:00",460.7
0,"4-7-2014 00:00:00",446.22
0,"4-8-2014 00:00:00",450.46
0,"4-9-2014 00:00:00",440.2
0,"4-10-2014 00:00:00",360.84
0,"4-11-2014 00:00:00",420.06
0,"4-12-2014 00:00:00",420.66
0,"4-13-2014 00:00:00",414.95
0,"4-14-2014 00:00:00",457.63
0,"4-15-2014 00:00:00",520.12
0,"4-16-2014 00:00:00",529.16
0,"4-17-2014 00:00:00",494.4
0,"4-18-2014 00:00:00",478.23
0,"4-19-2014 00:00:00",501.55
0,"4-20-2014 00:00:00",497.32
0,"4-21-2014 00:00:00",493.09
0,"4-22-2014 00:00:00",484.43
0,"4-23-2014 00:00:00",486.93
0,"4-24-2014 00:00:00",500.26
0,"4-25-2014 00:00:00",459.61
0,"4-26-2014 00:00:00",456.14
0,"4-27-2014 00:00:00",429.65
0,"4-28-2014 00:00:00",437.06
0,"4-29-2014 00:00:00",444.25
0,"4-30-2014 00:00:00",445.87
0,"5-1-2014 00:00:00",456.27
0,"5-2-2014 00:00:00",446.64
0,"5-3-2014 00:00:00",436.94
0,"5-4-2014 00:00:00",434.06
0,"5-5-2014 00:00:00",429.72
0,"5-6-2014 00:00:00",426.99
0,"5-7-2014 00:00:00",436.96
0,"5-8-2014 00:00:00",435.34
0,"5-9-2014 00:00:00",448.23
0,"5-10-2014 00:00:00",452.71
0,"5-11-2014 00:00:00",436.54
0,"5-12-2014 00:00:00",438.43
0,"5-13-2014 00:00:00",437.41
0,"5-14-2014 00:00:00",441.75
0,"5-15-2014 00:00:00",444.32
0,"5-16-2014 00:00:00",445.01
0,"5-17-2014 00:00:00",446.36
0,"5-18-2014 00:00:00",444.81
0,"5-19-2014 00:00:00",444.31
0,"5-20-2014 00:00:00",485.83
0,"5-21-2014 00:00:00",489.16
0,"5-22-2014 00:00:00",526.06
0,"5-23-2014 00:00:00",519.04
0,"5-24-2014 00:00:00",525.63
0,"5-25-2014 00:00:00",570.09
0,"5-26-2014 00:00:00",581.83
0,"5-27-2014 00:00:00",569.63
0,"5-28-2014 00:00:00",574.45
0,"5-29-2014 00:00:00",565.51
0,"5-30-2014 00:00:00",616.47
0,"5-31-2014 00:00:00",623.26
0,"6-1-2014 00:00:00",629.02
0,"6-2-2014 00:00:00",658.79
0,"6-3-2014 00:00:00",665.73
0,"6-4-2014 00:00:00",636.78
0,"6-5-2014 00:00:00",656.06
0,"6-6-2014 00:00:00",645.56
0,"6-7-2014 00:00:00",652.71
0,"6-8-2014 00:00:00",653.64
0,"6-9-2014 00:00:00",645.34
0,"6-10-2014 00:00:00",649.81
0,"6-11-2014 00:00:00",627.91
0,"6-12-2014 00:00:00",581.8
0,"6-13-2014 00:00:00",597.43
0,"6-14-2014 00:00:00",571.69
0,"6-15-2014 00:00:00",591.97
0,"6-16-2014 00:00:00",588.06
0,"6-17-2014 00:00:00",607.34
0,"6-18-2014 00:00:00",604.88
0,"6-19-2014 00:00:00",592.26
0,"6-20-2014 00:00:00",588.52
0,"6-21-2014 00:00:00",591.03
0,"6-22-2014 00:00:00",598.88
0,"6-23-2014 00:00:00",587.46
0,"6-24-2014 00:00:00",575.07
0,"6-25-2014 00:00:00",562.13
0,"6-26-2014 00:00:00",579.38
0,"6-27-2014 00:00:00",600.86
0,"6-28-2014 00:00:00",591.99
0,"6-29-2014 00:00:00",598.6
0,"6-30-2014 00:00:00",639.36
0,"7-1-2014 00:00:00",635.59
0,"7-2-2014 00:00:00",647.34
0,"7-3-2014 00:00:00",640.69
0,"7-4-2014 00:00:00",626.96
0,"7-5-2014 00:00:00",628.33
0,"7-6-2014 00:00:00",631.71
0,"7-7-2014 00:00:00",617.99
0,"7-8-2014 00:00:00",620.22
0,"7-9-2014 00:00:00",620.55
0,"7-10-2014 00:00:00",615.11
0,"7-11-2014 00:00:00",631.18
0,"7-12-2014 00:00:00",634.48
0,"7-13-2014 00:00:00",627.58
0,"7-14-2014 00:00:00",618.38
0,"7-15-2014 00:00:00",619.36
0,"7-16-2014 00:00:00",615.2
0,"7-17-2014 00:00:00",622.62
0,"7-18-2014 00:00:00",628.22
0,"7-19-2014 00:00:00",625.8
0,"7-20-2014 00:00:00",621.37
0,"7-21-2014 00:00:00",620.01
0,"7-22-2014 00:00:00",618.81
0,"7-23-2014 00:00:00",617.93
0,"7-24-2014 00:00:00",600.01
0,"7-25-2014 00:00:00",599.93
0,"7-26-2014 00:00:00",593.85
0,"7-27-2014 00:00:00",590.95
0,"7-28-2014 00:00:00",584.69
0,"7-29-2014 00:00:00",582.2
0,"7-30-2014 00:00:00",564.37
0,"7-31-2014 00:00:00",581.35
0,"8-1-2014 00:00:00",595.08
0,"8-2-2014 00:00:00",587.29
0,"8-3-2014 00:00:00",585.51
0,"8-4-2014 00:00:00",586.76
0,"8-5-2014 00:00:00",583.11
0,"8-6-2014 00:00:00",583.04
0,"8-7-2014 00:00:00",587.4
0,"8-8-2014 00:00:00",590.53
0,"8-9-2014 00:00:00",588.09
0,"8-10-2014 00:00:00",589.45
0,"8-11-2014 00:00:00",573.31
0,"8-12-2014 00:00:00",568.21
0,"8-13-2014 00:00:00",544.57
0,"8-14-2014 00:00:00",508.55
0,"8-15-2014 00:00:00",496.62
0,"8-16-2014 00:00:00",519.83
0,"8-17-2014 00:00:00",492.95
0,"8-18-2014 00:00:00",460.67
0,"8-19-2014 00:00:00",486.74
0,"8-20-2014 00:00:00",511.93
0,"8-21-2014 00:00:00",516.16
0,"8-22-2014 00:00:00",513.94
0,"8-23-2014 00:00:00",497.22
0,"8-24-2014 00:00:00",508.57
0,"8-25-2014 00:00:00",501.63
0,"8-26-2014 00:00:00",513.47
0,"8-27-2014 00:00:00",510.43
0,"8-28-2014 00:00:00",507.02
0,"8-29-2014 00:00:00",508.42
0,"8-30-2014 00:00:00",501.2
0,"8-31-2014 00:00:00",478.07
0,"9-1-2014 00:00:00",474.13
0,"9-2-2014 00:00:00",475.32
0,"9-3-2014 00:00:00",474.54
0,"9-4-2014 00:00:00",489.09
0,"9-5-2014 00:00:00",480.5
0,"9-6-2014 00:00:00",482.24
0,"9-7-2014 00:00:00",479.48
0,"9-8-2014 00:00:00",472.15
0,"9-9-2014 00:00:00",471.56
0,"9-10-2014 00:00:00",477.53
0,"9-11-2014 00:00:00",476.33
0,"9-12-2014 00:00:00",473.83
0,"9-13-2014 00:00:00",477.09
0,"9-14-2014 00:00:00",474.71
0,"9-15-2014 00:00:00",471.36
0,"9-16-2014 00:00:00",463.74
0,"9-17-2014 00:00:00",454.91
0,"9-18-2014 00:00:00",421.46
0,"9-19-2014 00:00:00",391.94
0,"9-20-2014 00:00:00",406.82
0,"9-21-2014 00:00:00",396.57
0,"9-22-2014 00:00:00",398.89
0,"9-23-2014 00:00:00",435.38
0,"9-24-2014 00:00:00",422.3
0,"9-25-2014 00:00:00",408.8
0,"9-26-2014 00:00:00",401.92
0,"9-27-2014 00:00:00",398.36
0,"9-28-2014 00:00:00",376.2
0,"9-29-2014 00:00:00",374.73
0,"9-30-2014 00:00:00",386.27
0,"10-1-2014 00:00:00",381.33
0,"10-2-2014 00:00:00",371.99
0,"10-3-2014 00:00:00",356.56
0,"10-4-2014 00:00:00",325.49
0,"10-5-2014 00:00:00",319.64
0,"10-6-2014 00:00:00",328.46
0,"10-7-2014 00:00:00",334.09
0,"10-8-2014 00:00:00",352.79
0,"10-9-2014 00:00:00",363.78
0,"10-10-2014 00:00:00",358.69
0,"10-11-2014 00:00:00",359.2
0,"10-12-2014 00:00:00",376.19
0,"10-13-2014 00:00:00",388.38
0,"10-14-2014 00:00:00",398.71
0,"10-15-2014 00:00:00",391.84
0,"10-16-2014 00:00:00",380.08
0,"10-17-2014 00:00:00",380.42
0,"10-18-2014 00:00:00",388.96
0,"10-19-2014 00:00:00",386.59
0,"10-20-2014 00:00:00",379.37
0,"10-21-2014 00:00:00",382.38
0,"10-22-2014 00:00:00",379.1
0,"10-23-2014 00:00:00",355.86
0,"10-24-2014 00:00:00",355.17
0,"10-25-2014 00:00:00",346.11
0,"10-26-2014 00:00:00",351.54
0,"10-27-2014 00:00:00",348.96
0,"10-28-2014 00:00:00",351.9
0,"10-29-2014 00:00:00",333.38
0,"10-30-2014 00:00:00",343.78
0,"10-31-2014 00:00:00",336.8
0,"11-1-2014 00:00:00",325.39
0,"11-2-2014 00:00:00",323.74
0,"11-3-2014 00:00:00",324.23
0,"11-4-2014 00:00:00",328.28
0,"11-5-2014 00:00:00",337.14
0,"11-6-2014 00:00:00",348.23
0,"11-7-2014 00:00:00",341.08
0,"11-8-2014 00:00:00",344.03
0,"11-9-2014 00:00:00",363.31
0,"11-10-2014 00:00:00",365.29
0,"11-11-2014 00:00:00",366.99
0,"11-12-2014 00:00:00",427.24
0,"11-13-2014 00:00:00",417.15
0,"11-14-2014 00:00:00",398.43
0,"11-15-2014 00:00:00",375.13
0,"11-16-2014 00:00:00",388.55
0,"11-17-2014 00:00:00",385.86
0,"11-18-2014 00:00:00",372.38
0,"11-19-2014 00:00:00",377.24
0,"11-20-2014 00:00:00",356.14
0,"11-21-2014 00:00:00",348.86
0,"11-22-2014 00:00:00",352.04
0,"11-23-2014 00:00:00",366.77
0,"11-24-2014 00:00:00",375.24
0,"11-25-2014 00:00:00",375.72
0,"11-26-2014 00:00:00",368.51
0,"11-27-2014 00:00:00",369.14
0,"11-28-2014 00:00:00",375.85
0,"11-29-2014 00:00:00",375.22
0,"11-30-2014 00:00:00",377.09
0,"12-1-2014 00:00:00",378.64
0,"12-2-2014 00:00:00",381.54
0,"12-3-2014 00:00:00",374.97
0,"12-4-2014 00:00:00",369.15
0,"12-5-2014 00:00:00",376.04
0,"12-6-2014 00:00:00",374.02
0,"12-7-2014 00:00:00",374.26
0,"12-8-2014 00:00:00",360.94
0,"12-9-2014 00:00:00",351.27
0,"12-10-2014 00:00:00",344.62
0,"12-11-2014 00:00:00",347.13
0,"12-12-2014 00:00:00",350.94
0,"12-13-2014 00:00:00",347.47
0,"12-14-2014 00:00:00",351.14
0,"12-15-2014 00:00:00",345.1
0,"12-16-2014 00:00:00",326.08
0,"12-17-2014 00:00:00",319.17
0,"12-18-2014 00:00:00",310.75
0,"12-19-2014 00:00:00",317.01
0,"12-20-2014 00:00:00",329.57
0,"12-21-2014 00:00:00",319.24
0,"12-22-2014 00:00:00",330.67
0,"12-23-2014 00:00:00",334.05
0,"12-24-2014 00:00:00",321.88
0,"12-25-2014 00:00:00",318.61
0,"12-26-2014 00:00:00",327.16
0,"12-27-2014 00:00:00",315.17
0,"12-28-2014 00:00:00",316.8
0,"12-29-2014 00:00:00",312.44
0,"12-30-2014 00:00:00",309.87
0,"12-31-2014 00:00:00",319.7
0,"1-1-2015 00:00:00",313.92
0,"1-2-2015 00:00:00",314.59
0,"1-3-2015 00:00:00",279.85
0,"1-4-2015 00:00:00",263.63
0,"1-5-2015 00:00:00",272.95
0,"1-6-2015 00:00:00",285.58
0,"1-7-2015 00:00:00",294.88
0,"1-8-2015 00:00:00",283.25
0,"1-9-2015 00:00:00",288.84
0,"1-10-2015 00:00:00",274.07
0,"1-11-2015 00:00:00",265.37
0,"1-12-2015 00:00:00",267.09
0,"1-13-2015 00:00:00",226.98
0,"1-14-2015 00:00:00",177.28
0,"1-15-2015 00:00:00",210.46
0,"1-16-2015 00:00:00",207.22
0,"1-17-2015 00:00:00",199.62
0,"1-18-2015 00:00:00",209.93
0,"1-19-2015 00:00:00",213.98
0,"1-20-2015 00:00:00",210.48
0,"1-21-2015 00:00:00",225.98
0,"1-22-2015 00:00:00",232.66
0,"1-23-2015 00:00:00",232.97
0,"1-24-2015 00:00:00",247.99
0,"1-25-2015 00:00:00",254.51
0,"1-26-2015 00:00:00",271.95
0,"1-27-2015 00:00:00",262.06
0,"1-28-2015 00:00:00",233.21
0,"1-29-2015 00:00:00",232.4
0,"1-30-2015 00:00:00",226.5
0,"1-31-2015 00:00:00",216.91
0,"2-1-2015 00:00:00",226.4
0,"2-2-2015 00:00:00",237.54
0,"2-3-2015 00:00:00",226.96
0,"2-4-2015 00:00:00",226.73
0,"2-5-2015 00:00:00",216.77
0,"2-6-2015 00:00:00",222.48
0,"2-7-2015 00:00:00",227.33
0,"2-8-2015 00:00:00",222.87
0,"2-9-2015 00:00:00",220.17
0,"2-10-2015 00:00:00",220.08
0,"2-11-2015 00:00:00",219.49
0,"2-12-2015 00:00:00",221.85
0,"2-13-2015 00:00:00",235.79
0,"2-14-2015 00:00:00",257.47
0,"2-15-2015 00:00:00",234.33
0,"2-16-2015 00:00:00",233.56
0,"2-17-2015 00:00:00",243.6
0,"2-18-2015 00:00:00",236.21
0,"2-19-2015 00:00:00",239.83
0,"2-20-2015 00:00:00",243.78
0,"2-21-2015 00:00:00",244.26
0,"2-22-2015 00:00:00",235.53
0,"2-23-2015 00:00:00",238.08
0,"2-24-2015 00:00:00",238.76
0,"2-25-2015 00:00:00",237.25
0,"2-26-2015 00:00:00",236.1
0,"2-27-2015 00:00:00",252.51
0,"2-28-2015 00:00:00",253.53
0,"3-1-2015 00:00:00",258.74
0,"3-2-2015 00:00:00",271.35
0,"3-3-2015 00:00:00",281.45
0,"3-4-2015 00:00:00",271.92
0,"3-5-2015 00:00:00",274.86
0,"3-6-2015 00:00:00",272.21
0,"3-7-2015 00:00:00",275.89
0,"3-8-2015 00:00:00",274.48
0,"3-9-2015 00:00:00",288.52
0,"3-10-2015 00:00:00",290.51
0,"3-11-2015 00:00:00",295.83
0,"3-12-2015 00:00:00",293.87
0,"3-13-2015 00:00:00",284.28
0,"3-14-2015 00:00:00",281.36
0,"3-15-2015 00:00:00",285.34
0,"3-16-2015 00:00:00",290.38
0,"3-17-2015 00:00:00",284.46
0,"3-18-2015 00:00:00",255.37
0,"3-19-2015 00:00:00",259.74
0,"3-20-2015 00:00:00",260.84
0,"3-21-2015 00:00:00",259.62
0,"3-22-2015 00:00:00",267.8
0,"3-23-2015 00:00:00",265.94
0,"3-24-2015 00:00:00",245.44
0,"3-25-2015 00:00:00",246.13
0,"3-26-2015 00:00:00",247.65
0,"3-27-2015 00:00:00",246.58
0,"3-28-2015 00:00:00",252.25
0,"3-29-2015 00:00:00",242.02
0,"3-30-2015 00:00:00",246.85
0,"3-31-2015 00:00:00",243.39
0,"4-1-2015 00:00:00",246.55
0,"4-2-2015 00:00:00",252.26
0,"4-3-2015 00:00:00",253.54
0,"4-4-2015 00:00:00",253.12
0,"4-5-2015 00:00:00",259.95
0,"4-6-2015 00:00:00",254.52
0,"4-7-2015 00:00:00",252.8
0,"4-8-2015 00:00:00",244.36
0,"4-9-2015 00:00:00",243.26
0,"4-10-2015 00:00:00",235.22
0,"4-11-2015 00:00:00",236.12
0,"4-12-2015 00:00:00",235.64
0,"4-13-2015 00:00:00",223.41
0,"4-14-2015 00:00:00",218.27
0,"4-15-2015 00:00:00",223.57
0,"4-16-2015 00:00:00",228.11
0,"4-17-2015 00:00:00",222.23
0,"4-18-2015 00:00:00",222.84
0,"4-19-2015 00:00:00",221.69
0,"4-20-2015 00:00:00",224.31
0,"4-21-2015 00:00:00",235.81
0,"4-22-2015 00:00:00",233.92
0,"4-23-2015 00:00:00",235.56
0,"4-24-2015 00:00:00",230.79
0,"4-25-2015 00:00:00",225.85
0,"4-26-2015 00:00:00",218.81
0,"4-27-2015 00:00:00",228.5
0,"4-28-2015 00:00:00",225.68
0,"4-29-2015 00:00:00",225.98
0,"4-30-2015 00:00:00",236.57
0,"5-1-2015 00:00:00",232.12
0,"5-2-2015 00:00:00",234.9
0,"5-3-2015 00:00:00",240.12
0,"5-4-2015 00:00:00",238.77
0,"5-5-2015 00:00:00",236.55
0,"5-6-2015 00:00:00",230.05
0,"5-7-2015 00:00:00",237.78
0,"5-8-2015 00:00:00",243.39
0,"5-9-2015 00:00:00",240.48
0,"5-10-2015 00:00:00",239.63
0,"5-11-2015 00:00:00",241.85
0,"5-12-2015 00:00:00",240.99
0,"5-13-2015 00:00:00",235.8
0,"5-14-2015 00:00:00",236.74
0,"5-15-2015 00:00:00",237.31
0,"5-16-2015 00:00:00",235.73
0,"5-17-2015 00:00:00",236.1
0,"5-18-2015 00:00:00",232.87
0,"5-19-2015 00:00:00",231.94
0,"5-20-2015 00:00:00",234.25
0,"5-21-2015 00:00:00",235.3
0,"5-22-2015 00:00:00",240.52
0,"5-23-2015 00:00:00",239.03
0,"5-24-2015 00:00:00",241.19
0,"5-25-2015 00:00:00",237.49
0,"5-26-2015 00:00:00",237.33
0,"5-27-2015 00:00:00",237.18
0,"5-28-2015 00:00:00",237.47
0,"5-29-2015 00:00:00",237.1
0,"5-30-2015 00:00:00",233.29
0,"5-31-2015 00:00:00",230
0,"6-1-2015 00:00:00",223.31
0,"6-2-2015 00:00:00",225.75
0,"6-3-2015 00:00:00",225.65
0,"6-4-2015 00:00:00",224.37
0,"6-5-2015 00:00:00",225.04
0,"6-6-2015 00:00:00",225.68
0,"6-7-2015 00:00:00",223.39
0,"6-8-2015 00:00:00",228.65
0,"6-9-2015 00:00:00",229.33
0,"6-10-2015 00:00:00",228.95
0,"6-11-2015 00:00:00",230.02
0,"6-12-2015 00:00:00",230.2
0,"6-13-2015 00:00:00",232.75
0,"6-14-2015 00:00:00",233.85
0,"6-15-2015 00:00:00",237.31
0,"6-16-2015 00:00:00",250.9
0,"6-17-2015 00:00:00",249.17
0,"6-18-2015 00:00:00",248.87
0,"6-19-2015 00:00:00",243.55
0,"6-20-2015 00:00:00",245.26
0,"6-21-2015 00:00:00",244.01
0,"6-22-2015 00:00:00",246.77
0,"6-23-2015 00:00:00",243.99
0,"6-24-2015 00:00:00",240.22
0,"6-25-2015 00:00:00",242.42
0,"6-26-2015 00:00:00",242.64
0,"6-27-2015 00:00:00",250.71
0,"6-28-2015 00:00:00",248.07
0,"6-29-2015 00:00:00",256.49
0,"6-30-2015 00:00:00",262.48
0,"7-1-2015 00:00:00",257.66
0,"7-2-2015 00:00:00",254.35
0,"7-3-2015 00:00:00",255.6
0,"7-4-2015 00:00:00",260.35
0,"7-5-2015 00:00:00",271.02
0,"7-6-2015 00:00:00",268.49
0,"7-7-2015 00:00:00",264.96
0,"7-8-2015 00:00:00",269.65
0,"7-9-2015 00:00:00",268.11
0,"7-10-2015 00:00:00",283.88
0,"7-11-2015 00:00:00",291.69
0,"7-12-2015 00:00:00",309.98
0,"7-13-2015 00:00:00",290.88
0,"7-14-2015 00:00:00",286.19
0,"7-15-2015 00:00:00",283.82
0,"7-16-2015 00:00:00",277.83
0,"7-17-2015 00:00:00",278.49
0,"7-18-2015 00:00:00",274.49
0,"7-19-2015 00:00:00",272.49
0,"7-20-2015 00:00:00",278.41
0,"7-21-2015 00:00:00",275.1
0,"7-22-2015 00:00:00",276.62
0,"7-23-2015 00:00:00",275.63
0,"7-24-2015 00:00:00",287.97
0,"7-25-2015 00:00:00",288.13
0,"7-26-2015 00:00:00",291.64
0,"7-27-2015 00:00:00",292.73
0,"7-28-2015 00:00:00",293.79
0,"7-29-2015 00:00:00",288.77
0,"7-30-2015 00:00:00",287.29
0,"7-31-2015 00:00:00",283.94
0,"8-1-2015 00:00:00",280.04
0,"8-2-2015 00:00:00",281.65
0,"8-3-2015 00:00:00",280.48
0,"8-4-2015 00:00:00",284.5
0,"8-5-2015 00:00:00",281.38
0,"8-6-2015 00:00:00",278.25
0,"8-7-2015 00:00:00",279.03
0,"8-8-2015 00:00:00",260.2
0,"8-9-2015 00:00:00",264.44
0,"8-10-2015 00:00:00",263.76
0,"8-11-2015 00:00:00",270.92
0,"8-12-2015 00:00:00",265.64
0,"8-13-2015 00:00:00",263.34
0,"8-14-2015 00:00:00",264.87
0,"8-15-2015 00:00:00",260.73
0,"8-16-2015 00:00:00",257.67
0,"8-17-2015 00:00:00",256.98
0,"8-18-2015 00:00:00",219
0,"8-19-2015 00:00:00",225.39
0,"8-20-2015 00:00:00",234.69
0,"8-21-2015 00:00:00",231.94
0,"8-22-2015 00:00:00",229.74
0,"8-23-2015 00:00:00",227.59
0,"8-24-2015 00:00:00",209.13
0,"8-25-2015 00:00:00",221.71
0,"8-26-2015 00:00:00",225.38
0,"8-27-2015 00:00:00",224.26
0,"8-28-2015 00:00:00",230.98
0,"8-29-2015 00:00:00",229.76
0,"8-30-2015 00:00:00",228.61
0,"8-31-2015 00:00:00",230.02
0,"9-1-2015 00:00:00",227.35
0,"9-2-2015 00:00:00",228.86
0,"9-3-2015 00:00:00",226.76
0,"9-4-2015 00:00:00",230.09
0,"9-5-2015 00:00:00",234.68
0,"9-6-2015 00:00:00",239.44
0,"9-7-2015 00:00:00",240.02
0,"9-8-2015 00:00:00",243.55
0,"9-9-2015 00:00:00",238.29
0,"9-10-2015 00:00:00",238.59
0,"9-11-2015 00:00:00",240.08
0,"9-12-2015 00:00:00",234.82
0,"9-13-2015 00:00:00",230.33
0,"9-14-2015 00:00:00",230.24
0,"9-15-2015 00:00:00",229.92
0,"9-16-2015 00:00:00",228.8
0,"9-17-2015 00:00:00",232.79
0,"9-18-2015 00:00:00",232.72
0,"9-19-2015 00:00:00",231.24
0,"9-20-2015 00:00:00",230.86
0,"9-21-2015 00:00:00",226.61
0,"9-22-2015 00:00:00",230.52
0,"9-23-2015 00:00:00",229.96
0,"9-24-2015 00:00:00",234.28
0,"9-25-2015 00:00:00",234.84
0,"9-26-2015 00:00:00",234.21
0,"9-27-2015 00:00:00",232.85
0,"9-28-2015 00:00:00",239.34
0,"9-29-2015 00:00:00",236.62
0,"9-30-2015 00:00:00",236.25
0,"10-1-2015 00:00:00",237.57
0,"10-2-2015 00:00:00",237.4
0,"10-3-2015 00:00:00",239.09
0,"10-4-2015 00:00:00",238.69
0,"10-5-2015 00:00:00",240.59
0,"10-6-2015 00:00:00",246.42
0,"10-7-2015 00:00:00",243.27
0,"10-8-2015 00:00:00",242.69
0,"10-9-2015 00:00:00",244.32
0,"10-10-2015 00:00:00",245.33
0,"10-11-2015 00:00:00",247.53
0,"10-12-2015 00:00:00",245.59
0,"10-13-2015 00:00:00",249.94
0,"10-14-2015 00:00:00",252.59
0,"10-15-2015 00:00:00",254.81
0,"10-16-2015 00:00:00",262.94
0,"10-17-2015 00:00:00",271.2
0,"10-18-2015 00:00:00",262.9
0,"10-19-2015 00:00:00",264.42
0,"10-20-2015 00:00:00",270.22
0,"10-21-2015 00:00:00",267.33
0,"10-22-2015 00:00:00",274.41
0,"10-23-2015 00:00:00",277.46
0,"10-24-2015 00:00:00",282.66
0,"10-25-2015 00:00:00",283.07
0,"10-26-2015 00:00:00",286.13
0,"10-27-2015 00:00:00",294.4
0,"10-28-2015 00:00:00",303.89
0,"10-29-2015 00:00:00",313.59
0,"10-30-2015 00:00:00",326
0,"10-31-2015 00:00:00",312.43
0,"11-1-2015 00:00:00",325.08
0,"11-2-2015 00:00:00",359.35
0,"11-3-2015 00:00:00",400.71
0,"11-4-2015 00:00:00",408.74
0,"11-5-2015 00:00:00",387.51
0,"11-6-2015 00:00:00",374.95
0,"11-7-2015 00:00:00",384.8
0,"11-8-2015 00:00:00",373.49
0,"11-9-2015 00:00:00",380.04
0,"11-10-2015 00:00:00",337.93
0,"11-11-2015 00:00:00",312.58
0,"11-12-2015 00:00:00",336.86
0,"11-13-2015 00:00:00",337.29
0,"11-14-2015 00:00:00",333.55
0,"11-15-2015 00:00:00",319.93
0,"11-16-2015 00:00:00",331.59
0,"11-17-2015 00:00:00",335.77
0,"11-18-2015 00:00:00",334.97
0,"11-19-2015 00:00:00",326.31
0,"11-20-2015 00:00:00",321.99
0,"11-21-2015 00:00:00",327.17
0,"11-22-2015 00:00:00",324.34
0,"11-23-2015 00:00:00",323.26
0,"11-24-2015 00:00:00",320.16
0,"11-25-2015 00:00:00",328.98
0,"11-26-2015 00:00:00",353.3
0,"11-27-2015 00:00:00",358.18
0,"11-28-2015 00:00:00",357.66
0,"11-29-2015 00:00:00",371.86
0,"11-30-2015 00:00:00",376.91
0,"12-1-2015 00:00:00",362.73
0,"12-2-2015 00:00:00",359.43
0,"12-3-2015 00:00:00",361.31
0,"12-4-2015 00:00:00",363.48
0,"12-5-2015 00:00:00",388.86
0,"12-6-2015 00:00:00",388.46
0,"12-7-2015 00:00:00",395.86
0,"12-8-2015 00:00:00",418.14
0,"12-9-2015 00:00:00",418.04
0,"12-10-2015 00:00:00",415.25
0,"12-11-2015 00:00:00",453.9
0,"12-12-2015 00:00:00",435.9
0,"12-13-2015 00:00:00",433.54
0,"12-14-2015 00:00:00",443.84
0,"12-15-2015 00:00:00",465.5
0,"12-16-2015 00:00:00",455.37
0,"12-17-2015 00:00:00",455.99
0,"12-18-2015 00:00:00",463.84
0,"12-19-2015 00:00:00",462.23
0,"12-20-2015 00:00:00",442.5
0,"12-21-2015 00:00:00",437.76
0,"12-22-2015 00:00:00",435.5
0,"12-23-2015 00:00:00",442.84
0,"12-24-2015 00:00:00",454.85
0,"12-25-2015 00:00:00",455.31
0,"12-26-2015 00:00:00",417.22
0,"12-27-2015 00:00:00",422.52
0,"12-28-2015 00:00:00",421.26
0,"12-29-2015 00:00:00",432.62
0,"12-30-2015 00:00:00",426.14
0,"12-31-2015 00:00:00",430.05
0,"1-1-2016 00:00:00",434.46
0,"1-2-2016 00:00:00",433.59
0,"1-3-2016 00:00:00",430.36
0,"1-4-2016 00:00:00",433.49
0,"1-5-2016 00:00:00",432.25
0,"1-6-2016 00:00:00",429.46
0,"1-7-2016 00:00:00",458.28
0,"1-8-2016 00:00:00",453.37
0,"1-9-2016 00:00:00",449.14
0,"1-10-2016 00:00:00",448.96
0,"1-11-2016 00:00:00",448.38
0,"1-12-2016 00:00:00",432.88
0,"1-13-2016 00:00:00",432.04
0,"1-14-2016 00:00:00",429.73
0,"1-15-2016 00:00:00",358.77
0,"1-16-2016 00:00:00",387.66
0,"1-17-2016 00:00:00",380.21
0,"1-18-2016 00:00:00",385.84
0,"1-19-2016 00:00:00",377.74
0,"1-20-2016 00:00:00",418.74
0,"1-21-2016 00:00:00",409.94
0,"1-22-2016 00:00:00",381.76
0,"1-23-2016 00:00:00",386.19
0,"1-24-2016 00:00:00",402.61
0,"1-25-2016 00:00:00",390.66
0,"1-26-2016 00:00:00",391.43
0,"1-27-2016 00:00:00",394.63
0,"1-28-2016 00:00:00",379.38
0,"1-29-2016 00:00:00",378.2
0,"1-30-2016 00:00:00",376.94
0,"1-31-2016 00:00:00",367.13
0,"2-1-2016 00:00:00",371.25
0,"2-2-2016 00:00:00",372.88
0,"2-3-2016 00:00:00",368.93
0,"2-4-2016 00:00:00",388.61
0,"2-5-2016 00:00:00",385.34
0,"2-6-2016 00:00:00",375.4
0,"2-7-2016 00:00:00",375.28
0,"2-8-2016 00:00:00",371.1
0,"2-9-2016 00:00:00",373.32
0,"2-10-2016 00:00:00",379.96
0,"2-11-2016 00:00:00",377.72
0,"2-12-2016 00:00:00",383.13
0,"2-13-2016 00:00:00",392.18
0,"2-14-2016 00:00:00",406.74
0,"2-15-2016 00:00:00",399.48
0,"2-16-2016 00:00:00",407.36
0,"2-17-2016 00:00:00",415.56
0,"2-18-2016 00:00:00",421.64
0,"2-19-2016 00:00:00",420.33
0,"2-20-2016 00:00:00",436.52
0,"2-21-2016 00:00:00",438.98
0,"2-22-2016 00:00:00",438.07
0,"2-23-2016 00:00:00",419.98
0,"2-24-2016 00:00:00",424.36
0,"2-25-2016 00:00:00",423.52
0,"2-26-2016 00:00:00",432.06
0,"2-27-2016 00:00:00",432.14
0,"2-28-2016 00:00:00",432.64
0,"2-29-2016 00:00:00",436.61
0,"3-1-2016 00:00:00",433.64
0,"3-2-2016 00:00:00",421.6
0,"3-3-2016 00:00:00",419.47
0,"3-4-2016 00:00:00",407.98
0,"3-5-2016 00:00:00",397.83
0,"3-6-2016 00:00:00",404.55
0,"3-7-2016 00:00:00",412.98
0,"3-8-2016 00:00:00",411.76
0,"3-9-2016 00:00:00",412.62
0,"3-10-2016 00:00:00",416.16
0,"3-11-2016 00:00:00",419.89
0,"3-12-2016 00:00:00",410.13
0,"3-13-2016 00:00:00",412.29
0,"3-14-2016 00:00:00",415.09
0,"3-15-2016 00:00:00",415.38
0,"3-16-2016 00:00:00",416.25
0,"3-17-2016 00:00:00",418.45
0,"3-18-2016 00:00:00",408.04
0,"3-19-2016 00:00:00",408.52
0,"3-20-2016 00:00:00",410.75
0,"3-21-2016 00:00:00",411.42
0,"3-22-2016 00:00:00",416.93
0,"3-23-2016 00:00:00",417.39
0,"3-24-2016 00:00:00",414.34
0,"3-25-2016 00:00:00",415.69
0,"3-26-2016 00:00:00",416.73
0,"3-27-2016 00:00:00",425.38
0,"3-28-2016 00:00:00",422.76
0,"3-29-2016 00:00:00",415.55
0,"3-30-2016 00:00:00",412.69
0,"3-31-2016 00:00:00",415.16
0,"4-1-2016 00:00:00",417.01
0,"4-2-2016 00:00:00",419.69
0,"4-3-2016 00:00:00",419.38
0,"4-4-2016 00:00:00",419.42
0,"4-5-2016 00:00:00",422.65
0,"4-6-2016 00:00:00",421.7
0,"4-7-2016 00:00:00",421.2
0,"4-8-2016 00:00:00",418.09
0,"4-9-2016 00:00:00",418.42
0,"4-10-2016 00:00:00",421.11
0,"4-11-2016 00:00:00",422.99
0,"4-12-2016 00:00:00",425.99
0,"4-13-2016 00:00:00",424.4
0,"4-14-2016 00:00:00",425.11
0,"4-15-2016 00:00:00",429.98
0,"4-16-2016 00:00:00",430.84
0,"4-17-2016 00:00:00",427.86
0,"4-18-2016 00:00:00",429.05
0,"4-19-2016 00:00:00",436.1
0,"4-20-2016 00:00:00",442.16
0,"4-21-2016 00:00:00",451.1
0,"4-22-2016 00:00:00",447.64
0,"4-23-2016 00:00:00",452.58
0,"4-24-2016 00:00:00",460.33
0,"4-25-2016 00:00:00",462.51
0,"4-26-2016 00:00:00",467.8
0,"4-27-2016 00:00:00",445.01
0,"4-28-2016 00:00:00",449.86
0,"4-29-2016 00:00:00",456.35
0,"4-30-2016 00:00:00",449.33
0,"5-1-2016 00:00:00",453.04
0,"5-2-2016 00:00:00",444.51
0,"5-3-2016 00:00:00",450.27
0,"5-4-2016 00:00:00",446.96
0,"5-5-2016 00:00:00",448.53
0,"5-6-2016 00:00:00",460.37
0,"5-7-2016 00:00:00",459.46
0,"5-8-2016 00:00:00",459.44
0,"5-9-2016 00:00:00",461.49
0,"5-10-2016 00:00:00",450.99
0,"5-11-2016 00:00:00",452.11
0,"5-12-2016 00:00:00",454.82
0,"5-13-2016 00:00:00",455.73
0,"5-14-2016 00:00:00",455.75
0,"5-15-2016 00:00:00",457.85
0,"5-16-2016 00:00:00",453.41
0,"5-17-2016 00:00:00",452.75
0,"5-18-2016 00:00:00",453.38
0,"5-19-2016 00:00:00",436.73
0,"5-20-2016 00:00:00",442.95
0,"5-21-2016 00:00:00",443.13
0,"5-22-2016 00:00:00",438.77
0,"5-23-2016 00:00:00",443.73
0,"5-24-2016 00:00:00",445.13
0,"5-25-2016 00:00:00",449.23
0,"5-26-2016 00:00:00",453.82
0,"5-27-2016 00:00:00",473.47
0,"5-28-2016 00:00:00",525.43
0,"5-29-2016 00:00:00",524.08
0,"5-30-2016 00:00:00",532.59
0,"5-31-2016 00:00:00",531.8
0,"6-1-2016 00:00:00",536.42
0,"6-2-2016 00:00:00",538.14
0,"6-3-2016 00:00:00",570.47
0,"6-4-2016 00:00:00",573.45
0,"6-5-2016 00:00:00",574.11
0,"6-6-2016 00:00:00",585.53
0,"6-7-2016 00:00:00",577.86
0,"6-8-2016 00:00:00",583.1
0,"6-9-2016 00:00:00",576.45
0,"6-10-2016 00:00:00",579.13
0,"6-11-2016 00:00:00",611.78
0,"6-12-2016 00:00:00",675.34
0,"6-13-2016 00:00:00",705.62
0,"6-14-2016 00:00:00",685.99
0,"6-15-2016 00:00:00",696.32
0,"6-16-2016 00:00:00",768.24
0,"6-17-2016 00:00:00",747.55
0,"6-18-2016 00:00:00",755.68
0,"6-19-2016 00:00:00",764.04
0,"6-20-2016 00:00:00",727.95
0,"6-21-2016 00:00:00",665.88
0,"6-22-2016 00:00:00",602.89
0,"6-23-2016 00:00:00",625.49
0,"6-24-2016 00:00:00",665.16
0,"6-25-2016 00:00:00",665.33
0,"6-26-2016 00:00:00",630.25
0,"6-27-2016 00:00:00",658.4
0,"6-28-2016 00:00:00",646.3
0,"6-29-2016 00:00:00",639.08
0,"6-30-2016 00:00:00",672.48
0,"7-1-2016 00:00:00",676.52
0,"7-2-2016 00:00:00",703.69
0,"7-3-2016 00:00:00",659.69
0,"7-4-2016 00:00:00",681.63
0,"7-5-2016 00:00:00",668.09
0,"7-6-2016 00:00:00",676.11
0,"7-7-2016 00:00:00",639.76
0,"7-8-2016 00:00:00",664.74
0,"7-9-2016 00:00:00",650.63
0,"7-10-2016 00:00:00",649.96
0,"7-11-2016 00:00:00",649.03
0,"7-12-2016 00:00:00",664.84
0,"7-13-2016 00:00:00",653.93
0,"7-14-2016 00:00:00",659.64
0,"7-15-2016 00:00:00",664.88
0,"7-16-2016 00:00:00",663.54
0,"7-17-2016 00:00:00",679.05
0,"7-18-2016 00:00:00",673.59
0,"7-19-2016 00:00:00",673.84
0,"7-20-2016 00:00:00",666.18
0,"7-21-2016 00:00:00",665.1
0,"7-22-2016 00:00:00",650.82
0,"7-23-2016 00:00:00",654.86
0,"7-24-2016 00:00:00",661.05
0,"7-25-2016 00:00:00",655.13
0,"7-26-2016 00:00:00",651.08
0,"7-27-2016 00:00:00",655.44
0,"7-28-2016 00:00:00",655.63
0,"7-29-2016 00:00:00",656.67
0,"7-30-2016 00:00:00",654.98
0,"7-31-2016 00:00:00",625.88
0,"8-1-2016 00:00:00",607.37
0,"8-2-2016 00:00:00",552.82
0,"8-3-2016 00:00:00",565.26
0,"8-4-2016 00:00:00",578.32
0,"8-5-2016 00:00:00",574.96
0,"8-6-2016 00:00:00",588.42
0,"8-7-2016 00:00:00",592.78
0,"8-8-2016 00:00:00",590.62
0,"8-9-2016 00:00:00",584.76
0,"8-10-2016 00:00:00",592.89
0,"8-11-2016 00:00:00",586.52
0,"8-12-2016 00:00:00",586.03
0,"8-13-2016 00:00:00",585.08
0,"8-14-2016 00:00:00",571.44
0,"8-15-2016 00:00:00",567.2
0,"8-16-2016 00:00:00",576.25
0,"8-17-2016 00:00:00",571.74
0,"8-18-2016 00:00:00",572.5
0,"8-19-2016 00:00:00",573.66
0,"8-20-2016 00:00:00",580.7
0,"8-21-2016 00:00:00",580.69
0,"8-22-2016 00:00:00",584.73
0,"8-23-2016 00:00:00",581.28
0,"8-24-2016 00:00:00",577.99
0,"8-25-2016 00:00:00",575.73
0,"8-26-2016 00:00:00",578.16
0,"8-27-2016 00:00:00",568.67
0,"8-28-2016 00:00:00",573.55
0,"8-29-2016 00:00:00",572.36
0,"8-30-2016 00:00:00",576
0,"8-31-2016 00:00:00",572.33
0,"9-1-2016 00:00:00",571.69
0,"9-2-2016 00:00:00",574.15
0,"9-3-2016 00:00:00",598.38
0,"9-4-2016 00:00:00",608.92
0,"9-5-2016 00:00:00",606.03
0,"9-6-2016 00:00:00",611.07
0,"9-7-2016 00:00:00",614.79
0,"9-8-2016 00:00:00",624.95
0,"9-9-2016 00:00:00",621.8
0,"9-10-2016 00:00:00",622.21
0,"9-11-2016 00:00:00",605.81
0,"9-12-2016 00:00:00",606.31
0,"9-13-2016 00:00:00",606.92
0,"9-14-2016 00:00:00",608.22
0,"9-15-2016 00:00:00",605.21
0,"9-16-2016 00:00:00",606.33
0,"9-17-2016 00:00:00",605.29
0,"9-18-2016 00:00:00",608.7
0,"9-19-2016 00:00:00",608.53
0,"9-20-2016 00:00:00",599.47
0,"9-21-2016 00:00:00",595.8
0,"9-22-2016 00:00:00",595.03
0,"9-23-2016 00:00:00",601.71
0,"9-24-2016 00:00:00",601.34
0,"9-25-2016 00:00:00",599.18
0,"9-26-2016 00:00:00",606.81
0,"9-27-2016 00:00:00",604.76
0,"9-28-2016 00:00:00",603.52
0,"9-29-2016 00:00:00",605.06
0,"9-30-2016 00:00:00",608.44
0,"10-1-2016 00:00:00",613.93
0,"10-2-2016 00:00:00",610.29
0,"10-3-2016 00:00:00",612.34
0,"10-4-2016 00:00:00",609.37
0,"10-5-2016 00:00:00",610.88
0,"10-6-2016 00:00:00",610.9
0,"10-7-2016 00:00:00",616.49
0,"10-8-2016 00:00:00",616.6
0,"10-9-2016 00:00:00",614.62
0,"10-10-2016 00:00:00",617.42
0,"10-11-2016 00:00:00",639.37
0,"10-12-2016 00:00:00",635.08
0,"10-13-2016 00:00:00",635.02
0,"10-14-2016 00:00:00",638.37
0,"10-15-2016 00:00:00",637.37
0,"10-16-2016 00:00:00",639.83
0,"10-17-2016 00:00:00",636.92
0,"10-18-2016 00:00:00",635.51
0,"10-19-2016 00:00:00",628.15
0,"10-20-2016 00:00:00",628.62
0,"10-21-2016 00:00:00",630.15
0,"10-22-2016 00:00:00",652.71
0,"10-23-2016 00:00:00",649.24
0,"10-24-2016 00:00:00",648.4
0,"10-25-2016 00:00:00",652.89
0,"10-26-2016 00:00:00",674.36
0,"10-27-2016 00:00:00",686.52
0,"10-28-2016 00:00:00",688.1
0,"10-29-2016 00:00:00",712.87
0,"10-30-2016 00:00:00",696.35
0,"10-31-2016 00:00:00",697.37
0,"11-1-2016 00:00:00",729.27
0,"11-2-2016 00:00:00",742.46
0,"11-3-2016 00:00:00",687.51
0,"11-4-2016 00:00:00",702.54
0,"11-5-2016 00:00:00",704.16
0,"11-6-2016 00:00:00",712.24
0,"11-7-2016 00:00:00",704.02
0,"11-8-2016 00:00:00",709.15
0,"11-9-2016 00:00:00",721.19
0,"11-10-2016 00:00:00",713.67
0,"11-11-2016 00:00:00",716.56
0,"11-12-2016 00:00:00",703.55
0,"11-13-2016 00:00:00",702.5
0,"11-14-2016 00:00:00",706.39
0,"11-15-2016 00:00:00",711.96
0,"11-16-2016 00:00:00",742.07
0,"11-17-2016 00:00:00",735.41
0,"11-18-2016 00:00:00",749.68
0,"11-19-2016 00:00:00",750.63
0,"11-20-2016 00:00:00",728.61
0,"11-21-2016 00:00:00",736.72
0,"11-22-2016 00:00:00",748.22
0,"11-23-2016 00:00:00",741.6
0,"11-24-2016 00:00:00",736.4
0,"11-25-2016 00:00:00",738.28
0,"11-26-2016 00:00:00",732.82
0,"11-27-2016 00:00:00",728.42
0,"11-28-2016 00:00:00",731.75
0,"11-29-2016 00:00:00",731.76
0,"11-30-2016 00:00:00",742.01
0,"12-1-2016 00:00:00",753.25
0,"12-2-2016 00:00:00",771.41
0,"12-3-2016 00:00:00",764.97
0,"12-4-2016 00:00:00",766.46
0,"12-5-2016 00:00:00",750.71
0,"12-6-2016 00:00:00",758.81
0,"12-7-2016 00:00:00",763.9
0,"12-8-2016 00:00:00",766.75
0,"12-9-2016 00:00:00",770.41
0,"12-10-2016 00:00:00",773.21
0,"12-11-2016 00:00:00",768.62
0,"12-12-2016 00:00:00",777.91
0,"12-13-2016 00:00:00",775.25
0,"12-14-2016 00:00:00",776.64
0,"12-15-2016 00:00:00",775.48
0,"12-16-2016 00:00:00",780.85
0,"12-17-2016 00:00:00",788.58
0,"12-18-2016 00:00:00",788.59
0,"12-19-2016 00:00:00",790.16
0,"12-20-2016 00:00:00",798.78
0,"12-21-2016 00:00:00",833.1
0,"12-22-2016 00:00:00",858.74
0,"12-23-2016 00:00:00",916.79
0,"12-24-2016 00:00:00",894.2
0,"12-25-2016 00:00:00",894.48
0,"12-26-2016 00:00:00",902.55
0,"12-27-2016 00:00:00",931.11
0,"12-28-2016 00:00:00",978.01
0,"12-29-2016 00:00:00",969.62
0,"12-30-2016 00:00:00",960.47
0,"12-31-2016 00:00:00",968.23
0,"1-1-2017 00:00:00",997.69
0,"1-2-2017 00:00:00",1018.05
0,"1-3-2017 00:00:00",1030.82
0,"1-4-2017 00:00:00",1129.87
0,"1-5-2017 00:00:00",1005.81
0,"1-6-2017 00:00:00",895.67
0,"1-7-2017 00:00:00",905.17
0,"1-8-2017 00:00:00",913.52
0,"1-9-2017 00:00:00",899.35
0,"1-10-2017 00:00:00",904.79
0,"1-11-2017 00:00:00",775.98
0,"1-12-2017 00:00:00",802.83
0,"1-13-2017 00:00:00",826.12
0,"1-14-2017 00:00:00",818.64
0,"1-15-2017 00:00:00",822.42
0,"1-16-2017 00:00:00",830.26
0,"1-17-2017 00:00:00",904.45
0,"1-18-2017 00:00:00",884.25
0,"1-19-2017 00:00:00",898.02
0,"1-20-2017 00:00:00",891.62
0,"1-21-2017 00:00:00",920.01
0,"1-22-2017 00:00:00",925.33
0,"1-23-2017 00:00:00",912.69
0,"1-24-2017 00:00:00",885.65
0,"1-25-2017 00:00:00",894.11
0,"1-26-2017 00:00:00",915.1
0,"1-27-2017 00:00:00",918.56
0,"1-28-2017 00:00:00",920.28
0,"1-29-2017 00:00:00",914.04
0,"1-30-2017 00:00:00",920.24
0,"1-31-2017 00:00:00",967.67
0,"2-1-2017 00:00:00",987.35
0,"2-2-2017 00:00:00",1007.79
0,"2-3-2017 00:00:00",1018.11
0,"2-4-2017 00:00:00",1033.65
0,"2-5-2017 00:00:00",1013.99
0,"2-6-2017 00:00:00",1024.61
0,"2-7-2017 00:00:00",1052.54
0,"2-8-2017 00:00:00",1054.34
0,"2-9-2017 00:00:00",988.95
0,"2-10-2017 00:00:00",993.08
0,"2-11-2017 00:00:00",1010
0,"2-12-2017 00:00:00",999.51
0,"2-13-2017 00:00:00",996.86
0,"2-14-2017 00:00:00",1009.25
0,"2-15-2017 00:00:00",1009.12
0,"2-16-2017 00:00:00",1034.08
0,"2-17-2017 00:00:00",1053.12
0,"2-18-2017 00:00:00",1058.41
0,"2-19-2017 00:00:00",1052.82
0,"2-20-2017 00:00:00",1083.24
0,"2-21-2017 00:00:00",1123.66
0,"2-22-2017 00:00:00",1122.19
0,"2-23-2017 00:00:00",1178.38
0,"2-24-2017 00:00:00",1180.92
0,"2-25-2017 00:00:00",1151.58
0,"2-26-2017 00:00:00",1179.97
0,"2-27-2017 00:00:00",1194.28
0,"2-28-2017 00:00:00",1190.89
0,"3-1-2017 00:00:00",1230.02
0,"3-2-2017 00:00:00",1260.92
0,"3-3-2017 00:00:00",1290.79
0,"3-4-2017 00:00:00",1267.68
0,"3-5-2017 00:00:00",1277.68
0,"3-6-2017 00:00:00",1280.87
0,"3-7-2017 00:00:00",1232.43
0,"3-8-2017 00:00:00",1150.48
0,"3-9-2017 00:00:00",1191.81
0,"3-10-2017 00:00:00",1117.02
0,"3-11-2017 00:00:00",1181.64
0,"3-12-2017 00:00:00",1229.5
0,"3-13-2017 00:00:00",1243.24
0,"3-14-2017 00:00:00",1246.31
0,"3-15-2017 00:00:00",1259.6
0,"3-16-2017 00:00:00",1172.91
0,"3-17-2017 00:00:00",1070.13
0,"3-18-2017 00:00:00",970.6
0,"3-19-2017 00:00:00",1017.8
0,"3-20-2017 00:00:00",1041.34
0,"3-21-2017 00:00:00",1115.04
0,"3-22-2017 00:00:00",1037.44
0,"3-23-2017 00:00:00",1029.95
0,"3-24-2017 00:00:00",935.95
0,"3-25-2017 00:00:00",964.69
0,"3-26-2017 00:00:00",965.23
0,"3-27-2017 00:00:00",1040.49
0,"3-28-2017 00:00:00",1044.25
0,"3-29-2017 00:00:00",1040.39
0,"3-30-2017 00:00:00",1037.53
0,"3-31-2017 00:00:00",1079.75
0,"4-1-2017 00:00:00",1089.51
0,"4-2-2017 00:00:00",1098.78
0,"4-3-2017 00:00:00",1147.63
0,"4-4-2017 00:00:00",1143.75
0,"4-5-2017 00:00:00",1135
0,"4-6-2017 00:00:00",1190.6
0,"4-7-2017 00:00:00",1193.02
0,"4-8-2017 00:00:00",1184.82
0,"4-9-2017 00:00:00",1210.05
0,"4-10-2017 00:00:00",1213.34
0,"4-11-2017 00:00:00",1224.77
0,"4-12-2017 00:00:00",1216.5
0,"4-13-2017 00:00:00",1178.53
0,"4-14-2017 00:00:00",1183.44
0,"4-15-2017 00:00:00",1180.7
0,"4-16-2017 00:00:00",1184.79
0,"4-17-2017 00:00:00",1203.73
0,"4-18-2017 00:00:00",1217.6
0,"4-19-2017 00:00:00",1226.94
0,"4-20-2017 00:00:00",1255.4
0,"4-21-2017 00:00:00",1257.13
0,"4-22-2017 00:00:00",1244.37
0,"4-23-2017 00:00:00",1248.22
0,"4-24-2017 00:00:00",1248.32
0,"4-25-2017 00:00:00",1263.54
0,"4-26-2017 00:00:00",1284.84
0,"4-27-2017 00:00:00",1329.19
0,"4-28-2017 00:00:00",1320.05
0,"4-29-2017 00:00:00",1327.04
0,"4-30-2017 00:00:00",1347.96
0,"5-1-2017 00:00:00",1402.08
0,"5-2-2017 00:00:00",1443.68
0,"5-3-2017 00:00:00",1492
0,"5-4-2017 00:00:00",1515.63
0,"5-5-2017 00:00:00",1512.21
0,"5-6-2017 00:00:00",1548.29
0,"5-7-2017 00:00:00",1555.47
0,"5-8-2017 00:00:00",1639.32
0,"5-9-2017 00:00:00",1706.93
0,"5-10-2017 00:00:00",1756.8
0,"5-11-2017 00:00:00",1807.37
0,"5-12-2017 00:00:00",1676.99
0,"5-13-2017 00:00:00",1759.96
0,"5-14-2017 00:00:00",1772.42
0,"5-15-2017 00:00:00",1697.38
0,"5-16-2017 00:00:00",1718.2
0,"5-17-2017 00:00:00",1802.16
0,"5-18-2017 00:00:00",1887.33
0,"5-19-2017 00:00:00",1968.1
0,"5-20-2017 00:00:00",2051.73
0,"5-21-2017 00:00:00",2055.62
0,"5-22-2017 00:00:00",2139.03
0,"5-23-2017 00:00:00",2291.48
0,"5-24-2017 00:00:00",2476.3
0,"5-25-2017 00:00:00",2357.5
0,"5-26-2017 00:00:00",2247.48
0,"5-27-2017 00:00:00",2106.31
0,"5-28-2017 00:00:00",2207.58
0,"5-29-2017 00:00:00",2289.87
0,"5-30-2017 00:00:00",2197.23
0,"5-31-2017 00:00:00",2330.23
0,"6-1-2017 00:00:00",2452.18
0,"6-2-2017 00:00:00",2517.41
0,"6-3-2017 00:00:00",2555.65
0,"6-4-2017 00:00:00",2552.81
0,"6-5-2017 00:00:00",2736.59
0,"6-6-2017 00:00:00",2914.08
0,"6-7-2017 00:00:00",2694.22
0,"6-8-2017 00:00:00",2825.03
0,"6-9-2017 00:00:00",2826.7
0,"6-10-2017 00:00:00",2942.34
0,"6-11-2017 00:00:00",3018.54
0,"6-12-2017 00:00:00",2682.59
0,"6-13-2017 00:00:00",2738.93
0,"6-14-2017 00:00:00",2494.48
0,"6-15-2017 00:00:00",2456.92
0,"6-16-2017 00:00:00",2528.1
0,"6-17-2017 00:00:00",2664
0,"6-18-2017 00:00:00",2576.17
0,"6-19-2017 00:00:00",2641.66
0,"6-20-2017 00:00:00",2778.83
0,"6-21-2017 00:00:00",2712.16
0,"6-22-2017 00:00:00",2740.79
0,"6-23-2017 00:00:00",2738.22
0,"6-24-2017 00:00:00",2619.12
0,"6-25-2017 00:00:00",2594.45
0,"6-26-2017 00:00:00",2485.36
0,"6-27-2017 00:00:00",2593.17
0,"6-28-2017 00:00:00",2584.56
0,"6-29-2017 00:00:00",2561.56
0,"6-30-2017 00:00:00",2499.98
0,"7-1-2017 00:00:00",2460.2
0,"7-2-2017 00:00:00",2529.78
0,"7-3-2017 00:00:00",2581.07
0,"7-4-2017 00:00:00",2625.07
0,"7-5-2017 00:00:00",2629.27
0,"7-6-2017 00:00:00",2619.11
0,"7-7-2017 00:00:00",2521.24
0,"7-8-2017 00:00:00",2579.93
0,"7-9-2017 00:00:00",2525.67
0,"7-10-2017 00:00:00",2371.96
0,"7-11-2017 00:00:00",2332.19
0,"7-12-2017 00:00:00",2423.16
0,"7-13-2017 00:00:00",2364.52
0,"7-14-2017 00:00:00",2232.65
0,"7-15-2017 00:00:00",1993.26
0,"7-16-2017 00:00:00",1938.94
0,"7-17-2017 00:00:00",2244.26
0,"7-18-2017 00:00:00",2327.9
0,"7-19-2017 00:00:00",2294.4
0,"7-20-2017 00:00:00",2877.39
0,"7-21-2017 00:00:00",2694.29
0,"7-22-2017 00:00:00",2838.81
0,"7-23-2017 00:00:00",2762.63
0,"7-24-2017 00:00:00",2779.04
0,"7-25-2017 00:00:00",2591.22
0,"7-26-2017 00:00:00",2550.18
0,"7-27-2017 00:00:00",2697.47
0,"7-28-2017 00:00:00",2805.18
0,"7-29-2017 00:00:00",2720.08
0,"7-30-2017 00:00:00",2746.33
0,"7-31-2017 00:00:00",2873.83
0,"8-1-2017 00:00:00",2735.59
0,"8-2-2017 00:00:00",2723.58
0,"8-3-2017 00:00:00",2814.36
0,"8-4-2017 00:00:00",2883.68
0,"8-5-2017 00:00:00",3301.76
0,"8-6-2017 00:00:00",3255
0,"8-7-2017 00:00:00",3431.97
0,"8-8-2017 00:00:00",3453.16
0,"8-9-2017 00:00:00",3377.54
0,"8-10-2017 00:00:00",3445.28
0,"8-11-2017 00:00:00",3679.61
0,"8-12-2017 00:00:00",3917.65
0,"8-13-2017 00:00:00",4111.2
0,"8-14-2017 00:00:00",4382.74
0,"8-15-2017 00:00:00",4204.43
0,"8-16-2017 00:00:00",4425.3
0,"8-17-2017 00:00:00",4316.34
0,"8-18-2017 00:00:00",4159.46
0,"8-19-2017 00:00:00",4206.13
0,"8-20-2017 00:00:00",4111.22
0,"8-21-2017 00:00:00",4054.94
0,"8-22-2017 00:00:00",4137.67
0,"8-23-2017 00:00:00",4191.22
0,"8-24-2017 00:00:00",4362.47
0,"8-25-2017 00:00:00",4408.32
0,"8-26-2017 00:00:00",4387.46
0,"8-27-2017 00:00:00",4394.51
0,"8-28-2017 00:00:00",4439.66
0,"8-29-2017 00:00:00",4648.13
0,"8-30-2017 00:00:00",4630.73
0,"8-31-2017 00:00:00",4764.87
0,"9-1-2017 00:00:00",4950.72
0,"9-2-2017 00:00:00",4643.97
0,"9-3-2017 00:00:00",4631.69
0,"9-4-2017 00:00:00",4319.72
0,"9-5-2017 00:00:00",4422.12
0,"9-6-2017 00:00:00",4626.72
0,"9-7-2017 00:00:00",4638.1
0,"9-8-2017 00:00:00",4317.54
0,"9-9-2017 00:00:00",4291.88
0,"9-10-2017 00:00:00",4191.17
0,"9-11-2017 00:00:00",4188.84
0,"9-12-2017 00:00:00",4148.27
0,"9-13-2017 00:00:00",3874.26
0,"9-14-2017 00:00:00",3226.41
0,"9-15-2017 00:00:00",3686.9
0,"9-16-2017 00:00:00",3678.74
0,"9-17-2017 00:00:00",3672.57
0,"9-18-2017 00:00:00",4067.08
0,"9-19-2017 00:00:00",3897
0,"9-20-2017 00:00:00",3858.09
0,"9-21-2017 00:00:00",3612.68
0,"9-22-2017 00:00:00",3603.31
0,"9-23-2017 00:00:00",3777.29
0,"9-24-2017 00:00:00",3662.12
0,"9-25-2017 00:00:00",3927.5
0,"9-26-2017 00:00:00",3895.51
0,"9-27-2017 00:00:00",4208.56
0,"9-28-2017 00:00:00",4185.29
0,"9-29-2017 00:00:00",4164.1
0,"9-30-2017 00:00:00",4353.05
0,"10-1-2017 00:00:00",4394.64
0,"10-2-2017 00:00:00",4404.1
0,"10-3-2017 00:00:00",4320.09
0,"10-4-2017 00:00:00",4225.92
0,"10-5-2017 00:00:00",4322.75
0,"10-6-2017 00:00:00",4370.24
0,"10-7-2017 00:00:00",4437.03
0,"10-8-2017 00:00:00",4596.96
0,"10-9-2017 00:00:00",4772.97
0,"10-10-2017 00:00:00",4754.7
0,"10-11-2017 00:00:00",4830.77
0,"10-12-2017 00:00:00",5439.13
0,"10-13-2017 00:00:00",5640.13
0,"10-14-2017 00:00:00",5809.69
0,"10-15-2017 00:00:00",5697.39
0,"10-16-2017 00:00:00",5754.22
0,"10-17-2017 00:00:00",5595.23
0,"10-18-2017 00:00:00",5572.2
0,"10-19-2017 00:00:00",5699.58
0,"10-20-2017 00:00:00",5984.09
0,"10-21-2017 00:00:00",6013.23
0,"10-22-2017 00:00:00",5984.96
0,"10-23-2017 00:00:00",5895.3
0,"10-24-2017 00:00:00",5518.85
0,"10-25-2017 00:00:00",5733.9
0,"10-26-2017 00:00:00",5888.14
0,"10-27-2017 00:00:00",5767.68
0,"10-28-2017 00:00:00",5732.82
0,"10-29-2017 00:00:00",6140.53
0,"10-30-2017 00:00:00",6121.8
0,"10-31-2017 00:00:00",6447.67
0,"11-1-2017 00:00:00",6750.17
0,"11-2-2017 00:00:00",7030
0,"11-3-2017 00:00:00",7161.45
0,"11-4-2017 00:00:00",7387
0,"11-5-2017 00:00:00",7382.45
0,"11-6-2017 00:00:00",6958.21
0,"11-7-2017 00:00:00",7118.8
0,"11-8-2017 00:00:00",7458.79
0,"11-9-2017 00:00:00",7146.78
0,"11-10-2017 00:00:00",6570.31
0,"11-11-2017 00:00:00",6337
0,"11-12-2017 00:00:00",5857.32
0,"11-13-2017 00:00:00",6517.68
0,"11-14-2017 00:00:00",6598.77